date,1000SATS,AAVE,ADA,ADX,AION,ALGO,ANC,APE,APT,ARB,ASTER,ATOM,AVAX,AXS,BAND,BCC,BCH,BCH_USDT_1D8DB09,BIANRENSHENG,BNB,BNX,BOME,BONK,BTC,BTT,CELR,CFX,CHZ,CRV,DASH,DATA,DEXE,DOGE,DOT,ENA,EOS,ETC,ETH,FET,FIL,FLOKI,FTM,FTT,GALA,GLM,GMT,GRT,HBAR,HOLO,HOT,ICP,ICX,ID,INJ,IOST,IOTA,JASMY,LDO,LINK,LQTY,LTC,MAGIC,MANA,MASK,MATIC,NEAR,NEIRO,NEO,NOT,NULS,OM,OMG,ONT,OPTIM,ORDI,PENGU,PEOPLE,PEPE,PNUT,PUMP,QTUM,QUICK,RLC,RNDR,RONIN,RUNE,SAND,SEI,SHIB,SLP,SNDKB,SOL,SUI,SUN,SUSHI,SXP,TAO,THETA,TIA,TRB,TRUMP,TRX,TSMB,UNI,VANA,VET,VOXEL,WAVES,WIF,WIN,WLD,WLFI,WRX,XLM,XMR,XPL,XRP,XTZ,XVS,YFI,ZEC,ZIL,ZKP
2018-01-26 00:00:00+00:00,,,,,,,,,,,,,,,,,,,,,,,,8257.333994777038,,,,,,,,,,,,,,4457.031110285342,,,,,,,,,,,,,,,,,,,,,,,,,,,,,,,,,,,,,,,,,,,,,,,,,,,,,,,,,,,,,,,,,,,,,,,,,,,,,,,,,,,,,
2018-02-01 00:00:00+00:00,,,,,,,,,,,,,,,,,,,,,,,,8539.453375999246,,,,,,,,,,,,,,4726.4725948476025,,,,,,,,,,,,,,,,,,,,,,,,,,,,,,,,,,,,,,,,,,,,,,,,,,,,,,,,,,,,,,,,,,,,,,,,,,,,,,,,,,,,,
2018-03-01 00:00:00+00:00,,,,,,,,,,,,,,,,,,,,,,,,11591.080883974002,,,,,,,,,,,,,,6241.52598226129,,,,,,,,,,,,,,,,,,,,,,,,,,,,,,,,,,,,,,,,,,,,,,,,,,,,,,,,,,,,,,,,,,,,,,,,,,,,,,,,,,,,,
2018-04-01 00:00:00+00:00,,,,,,,,,,,,,,,,,,,,,,,,14612.905460987819,,,,,,,,,,,,,,7328.700340649465,,,,,,,,,,,,,,,,,,,,,,,,,,,,,,,,,,,,,,,,,,,,,,,,,,,,,,,,,,,,,,,,,,,,,,,,,,,,,,,,,,,,,
2018-05-01 00:00:00+00:00,,,,,,,,,,,,,,,,3510.2322355371825,,,,4621.453511084327,,,,16861.28039720694,,,,,,,,,,,,,,8419.808740809229,,,,,,,,,,,,,,,,,,,,,,,,,,,,,,5509.391301090816,,,,,,,,,,,,,,,,,,,,,,,,,,,,,,,,,,,,,,,,,,,,,,,,,,,,,,,
2018-06-01 00:00:00+00:00,,,,,,,,,,,,,,,,4977.334433459723,,,,5649.561643114703,,,,19643.38138936815,,,,,,,,,,,,,,10484.029546255773,,,,,,,,,,,,,,,,,,,,,,,5064.293485623327,,,,,,,5811.757090261531,,,,,,,,,,,,,,,,,,,,,,,,,,,,,,,,,,,,,,,,,,,,,,,,,,,,,,,
2018-07-01 00:00:00+00:00,,,,,,,,,,,,,,,,5770.404888139191,,,,6790.847040897135,,,,20453.44599527947,,,,,,,,,,,,,,11502.378587246558,,,,,,,,,,,,,,,,,,,,,,,5191.24864985189,,,,,,,6030.307395260373,,,,,,,,,,,,,,,,,,,,,,,,,,,,,,,,,,,,,,,,,,,,,,,,,,,,,,,
2018-08-01 00:00:00+00:00,,,,,,,,,,,,,,,,6309.312447591389,,,,6857.769246846468,,,,21184.841932865962,,,,,,,,,,,,,,11491.18758196041,,,,,,,,,,,,,,,,,,,,,,,5515.769364635649,,,,,,,6377.392863145595,,,,,,,,,,,,,,,,,,,,,,,,,,,,,,,,,,,,,,,,,,,,,,,,,,,,,,,
2018-09-01 00:00:00+00:00,,,,,,,,,,,,,,,,6475.67039411385,,,,6774.08207359315,,,,20622.378322490968,,,,,,,,,,,,,,11070.823460000365,,,,,,,,,,,,,,,,,,,,,,,4885.939677898765,,,,,,,5724.456614590616,,,,,,,,,,,,,2278.362409035387,,,,,,,,,,,,,,,,,,,,,,,,,,,,,,,,,,,,,,,,,,
2018-10-01 00:00:00+00:00,,,6000.870126398445,,,,,,,,,,,,,6700.658240481659,,,,6259.205878474982,,,,20022.8231562235,,,,,,,,,,,,,,11753.1863341347,,,,,,,,,,,,,,,,,,,,,,,4683.048130479022,,,,,,,5431.043401846014,,,,,,,,,,,,,2057.2733600806496,,,,,,,,,,,,,,,,,,,,,,,,,,,,,,,,,,,,,,,,,,
2018-11-01 00:00:00+00:00,,,5351.45534846191,,,,,,,,,,,,,6419.162917211967,,,,5673.8535841387375,,,,18962.580715200653,,,,,,,,,,,,,,11032.13362573932,,,,,,,,,,,,,,,,,,,,,,,4333.618639238394,,,,,,,4778.557474074733,,,,,,,,,,,,,1819.5546967733717,,,,,,,,,,,,,,,,,,,,,,,,,,,,,,,,,,,,6260.481140108753,,,,,,
2018-12-01 00:00:00+00:00,,,4941.627997854168,,,,,,,,,,,,,6389.11005004243,,,,5074.0222715719965,,,,19341.679868997235,,,,,,,,,,,,9517.177068199106,4353.242281319671,11126.870994502216,,,,,,,,,,,,,,3166.1619356682277,,,,3393.14045034585,,,,,4142.003862333422,,,,,,,4464.300293744664,,,,,4444.156737134492,,,,,,,,1627.9255276647582,,,,,,,,,,,,,,,,,,,,,5157.728181760347,,,,,,,,,,,,3955.8931464519337,,,7352.4877154707865,,,,,,
2019-01-01 00:00:00+00:00,,,4329.705908549662,,,,,,,,,,,,,6602.768507047746,,,,3983.7884827299895,,,,18052.965268663316,,,,,,,,,,,,8208.16952600207,3903.5854293460466,10482.600292591977,,,,,,,,,,,,,,2692.579500016348,,,,2785.010880361685,,,,,3679.0019289682386,,,,,,,4013.870741211082,,908.273940817501,,,3590.9193444966586,,,,,,,,1416.2349283096735,,,,,,,,,,,,,,,,,,,,,4679.2048958204,,,,,,,,,,,,3859.0849376612196,,,7188.732810201873,,,,,,
2019-02-01 00:00:00+00:00,,,3792.4930794089137,,,,,,,,,,,,,6136.54501783861,,,,3961.478098401749,,,,16605.407670908888,,,,,,,,,,,,6881.500323445509,3343.525992055446,10194.93017453703,,,,,,,,,,,,,,2273.8714988232973,,,,2295.108544227136,,,,,3543.045882841241,,,,,,,3497.740214579591,,859.0646655633121,,,3158.234309019644,,,,,,,,1276.146481667794,,,,,,,,,,,,,,,,,,,,,4748.885154410906,,,,2491.0266235414597,,,,,,,,3583.990312045759,,,7243.919183362516,,,,,,
2019-03-01 00:00:00+00:00,,,3450.624352235036,,,,,,,,,,,,,5690.4929109401955,,,,4350.367326864182,,,,15556.15085787749,,,,,,,,,,,,6381.242722164296,2726.8118598113447,9665.542081319441,,,,,,,,,,,,,,2056.0800686301845,,,,1933.2951437929285,,,,,3671.5458817564527,,,,,,,3280.32269851153,,750.646904584922,,,2756.290941050861,,,,,,,,1156.129647529072,,,,,,,,,,,,,,,,,,,,,4654.665797371617,,,,2111.596001815306,,,,,,,,3423.291057736447,,,7361.729052453278,,,,,,
2019-04-01 00:00:00+00:00,,,3253.4387702662357,,,,,,,,,,,,,5165.404332848824,,,,5046.420837940295,,,,14576.112785257174,,,,,,,,,,,,5887.76360876646,2312.6068252480413,8887.705146469752,,,,,,,,,,,,,,1921.7161079883995,,,,1610.7103475646418,,,,,3739.792551297352,,,,,,,2930.8465515481607,,722.7533241041133,,,2461.197802438887,,,,,,,,1140.6072366617818,,,,,,,,,,,,,,,,,,,,,4533.21883381743,,,,1806.7106499373992,,,,,,,,3225.6960435709093,,,6747.069757256157,,,,,,
2019-05-01 00:00:00+00:00,,,3391.3844370839593,,,,,,,,,,,,,5355.37030972101,,,,5784.475439015503,,,,14635.22496478441,,,,,,,,,,,,5867.81767160411,2236.142459872973,8996.389956500385,,,,,,,,,,,,,,1832.7997165192587,,,,1507.899633720842,,,,,4180.171860976496,,,,,,,2848.658722322622,,719.2395930924596,,,2404.6657414809993,,,,,,,,1165.0160800851295,,,,,,,,,,,,,,,,,,,,,4563.308036327608,,,,1709.1849309474567,,,,,,,,3020.2248518347174,,,6560.144769612124,,,,,,
2019-06-01 00:00:00+00:00,,,3602.8905376805633,,,,,,,,,,,,,5979.733094438571,,,,7485.548663053361,,,,15344.301570796933,,,,,,,,,,,,6426.930259507762,2177.7096467344613,9891.640840077254,,,,,,,,,,,,,,1869.9918677902776,,,,1734.3447692124798,,,,,5219.349033755349,,,,,,,2963.506435863985,,774.494916332471,,,2479.757234110621,,,,,,,,1250.9791720712988,,,,,,,,,,,,,,,,,,,,,5039.450247792697,,,,1758.2711177853926,,,,,,,,2712.769741115478,,,6663.441683294879,,,,,,
2019-07-01 00:00:00+00:00,,,4149.345595860213,,,,,,,,,,,,,6627.463006555613,,,,9471.877947019237,,,,18746.288717803593,,,,,,,,,,,,7289.600212901251,2466.6453796746327,11155.65714170229,,,,,,,,,,,,,,2070.1504497183178,,,,1993.8111856982089,,,2335.6064768676974,,6757.988500653305,,,,,,,3448.8804829719984,,955.8951525781243,,,2759.9298636331596,,,,,,,,1536.795238977188,,,,,,,,,,,,,,,,,,,,,5823.561064620626,,,,2114.3205268508495,,1391.1303701863865,,,,,,2864.6199754000827,,,7719.249171656295,,,,,,
2019-08-01 00:00:00+00:00,,,3979.9058976579895,,,,,,,,,,,,,6920.059839898059,,,,10008.896771023632,,,,20714.891628929257,5599.878425410302,,,,,,,,,,,7348.660976060365,2397.2569403272237,10998.868320504316,,,,,,,,,,,,1673.7766313531502,,2019.1743247496813,,,,1955.1040357497784,,,2949.174114662902,,7129.124775684467,,,,,,,3429.2823552240657,,,,,2677.5958001589106,,,,,,,,,,,,,,,,,,,,,,,,,,,,,5166.991667798713,,,,2061.285472089007,,,,,,,,2638.806505460675,,,7602.92399867875,,,,,1733.2150129464053,
2019-09-01 00:00:00+00:00,,,3987.577342733664,,,,,,,,,,,,,7159.176015469599,,,,10086.649022927792,,,,22698.921981287003,4895.088471642622,,,,,,,,,,,7118.53591429284,2514.2906209282373,10950.502427000145,3265.1711191944314,,,,,,,,,,,,,1940.1681920348844,,,,1917.7665350305285,,,3432.0522763903064,,7174.433949719185,,,,,,,3307.112378740541,,,,,2452.632028815382,,,,,,,,1675.0151491888898,,,,,,,,,,,,,,,,,,,,,5049.601084664823,,,,2028.0248310013733,,,,,,,,2467.194033469353,,,7451.139309160837,,,,,,
2019-10-01 00:00:00+00:00,,,3780.996180752069,,,,,,,,,,,,,7172.538697444848,,,,9696.864722607223,,,,24188.64112158824,4863.430452498002,2149.4042174670985,,,,,,,,,,7063.352132448452,2681.9987624773707,11357.385707470605,2871.594154619789,,,,,,,,,,,,,1710.209511668301,,,,1844.7342033144032,,,3775.2484640735015,,7172.857920728998,,,,,,,3166.0814339528215,,,,,2289.352501513138,,,,,,,,,,,,,,,,,,,,,,,,,,,,,5261.59338601533,,,,1864.9014597234514,,,,,,,,2427.3984545344333,,,7499.8973517625645,,,,,,
2019-11-01 00:00:00+00:00,,,3568.9881681822067,,,,,,,,,2238.256206566106,,,,6746.001416142578,,,,9297.423935310673,,,,25218.62870517387,4028.1768975672744,1925.6830551834978,,,,,,,,,,6858.832892073067,2659.49506328965,11480.305676852931,2585.4357352425504,,,,,,,,,,,,,,,,,,,,4451.439712073093,,6904.575067110178,,,,4133.109003161467,,,3083.636206142041,,,,,2345.7929591978605,,,,,,,,,,,,,,,,,,,,,,,,,,,,,5226.025761724112,,,,1753.4016142756568,,,,,,,,2419.105104495244,,,7541.812264317079,,,,,,
2019-12-01 00:00:00+00:00,,,3234.658638644889,,,2150.955776986411,,,,,,1999.8624503774454,,,,5943.573856616316,,,,8069.295683061807,,,,25406.0847945041,2964.5774828798126,,,,,,,,,,,6391.079276312817,2666.4277850659582,10264.393436909797,2512.4666525834828,,,,,,,,,,,,,,,,,,,,4723.489275274972,,6231.637506824169,,,,2942.299885806417,,,2853.7522206730873,,,,,2378.876324459551,,,,,,,,,,,,,,,,,,,,,,,,,,,,,4720.403419452594,,,,2359.1016489686663,,,,,,,,2561.294853639691,,,6697.031418087468,,,,,,
2020-01-01 00:00:00+00:00,,,2728.790287975941,,,,,,,,,2047.3941353275789,,,,5204.196757106107,,,,6632.1749237389895,,,,23563.18146463151,2834.237583759152,,,,,,,,,,,5512.599807490989,2589.7736836777294,9179.792660703015,2150.028615434906,,,,,,,,,,,,,,,,1898.4235490708363,,,,3865.616741964887,,5103.5205663761635,,,,2996.530571408497,,,2211.5387820966603,,,,,2138.7925291812985,,,,,,,,,,,,,,,,,,,,,,,,,,,,,4547.440924532476,,,,2560.7447355634963,,,,,,,,2312.3707227263762,,,5644.260263903408,,,,,,
2020-02-01 00:00:00+00:00,,,2789.219724601965,,,,,,,,,2148.894043505666,,,,5738.200809077223,,,,6112.182169498265,,,,23078.80110229108,2689.6103540656472,,,,,2139.7489379487006,,,,,,5488.239329870794,3492.1033038316114,8959.151946803697,,,,,,,,,,,,,,,,,,,,,3711.7577681466273,,5007.344369510404,,,,3114.8899994288568,,,2089.1609925180114,,,,,2112.817931945996,,,,,,,,,,,,,,,,,,,,,,,,,,,,,4530.922023343807,,,,2613.7989466753247,,,,2138.6501984235806,,,,2414.412067039227,,,5607.525397162988,,,,,,
2020-03-01 00:00:00+00:00,,,3479.6322237745353,,,,,,,,,2640.7389925252296,,,,7020.381204895314,,,,6922.679349548975,,,,24980.656483526836,2716.480602025524,,,,,2710.3688752614726,,,,,,6545.481775473305,4626.256011581389,10892.60390363772,,,,,,,,,,,,,,,,,,,,,4738.249614909605,,6065.16551684684,,,,3422.232673069987,,,2634.0952533719446,,,,,2516.1011589107106,,,,,,,,,,,,,,,,,,,,,,,,,,,,,5211.852124728363,,,,3053.2115331925215,,,,,,,,3044.4508947773265,,,6988.842247855156,,,,2350.17121391815,,
2020-04-01 00:00:00+00:00,,,3651.7143679843184,,,,,,,,,2752.0780726273438,,,,7657.34188651539,,,,7382.560377131337,,,,26654.2259696805,,,,,,2979.575399467833,,,,,,6833.169264136237,4974.301135588007,11874.926424070767,,,,,,,,,,,,,,,,,,,,,5695.241324748246,,6319.496295512072,,,,3711.79338155498,,,2828.379289923419,,,,,2573.92059869525,,,,,,,,,,,,,,,,,,,,,,,,,,,,,5111.162814402307,,,,3307.0150440571283,,,,,,,,3027.0227790264453,,,7323.34637128712,3343.999986640373,,,2563.409627002683,,
2020-05-01 00:00:00+00:00,,,3737.222156534079,,,,,,,,,2801.6069165206873,,,,7893.091854617253,,,,7660.282340472542,,,,27169.704274581876,,,,,,3237.734397230359,,,,,,6824.91713084136,5139.66110975672,12492.313562455834,,,,,,,,,,,,,,,,,,,,,6152.702192853016,,6367.301657062082,,,,3756.2581234678973,,,2780.898022526635,,,,,2458.496956993916,,,,,,,,,,,,,,,,,,,,,,,,,,,,,4897.045832721107,,,,3477.913419502319,,,,,,,,3087.716534228366,,,7152.14873460859,3994.5320553779934,,,2798.478839607541,,
2020-06-01 00:00:00+00:00,,,4292.4316890996,,,,,,,,,2735.3195166218684,,,,8134.300618489323,,,,8016.533965636011,,,,29255.489821518422,,,,,,3483.476955249638,,,,,,6797.4685995641985,5620.597066341883,13791.971648773699,,,,,,,,,,,,,,,,,,,,,6608.2712287140685,,6491.175620803604,,,,4009.429692551072,,,2845.43165051683,,,,,2584.3012864136936,,,,,,,,,,,,,,,,,,,,,,,,,,,,,4934.285481577104,,,,3273.8221132055687,,,,,,,,3245.346643844814,,,7200.481002076994,4589.640810907658,,,3098.1863540396603,,
2020-07-01 00:00:00+00:00,,,4843.672574634091,,,,,,,,,,,,,8167.8606297929955,,,,8007.869716056062,,,,29186.076226365127,,,,,,3549.2369629440627,,,,,,6693.2466245341975,5662.982359175056,14412.469195031641,,,,,,,,,,,,,,,,,,,,,6941.7300581198615,,6399.923563679577,,,,3436.001319017883,,,2943.048838352098,,,,,2733.4799899445043,,,,,,,,,,,,,,,,,,,,,,,,,,,,,4562.055756070052,,,,3450.9962261523815,,,,,,,,3425.5630731929396,2561.144691042563,,7072.277970986877,4708.313573589498,,,3217.1628526666163,,
2020-08-01 00:00:00+00:00,,,5763.141771873094,,,,,,,,,,,,,7635.732069282128,,,,8134.879116042799,,,,29274.861310203712,,,,,,3080.76383029085,,,,,,6470.530676025404,5027.012624064155,15300.80795299712,,,,,,,,,,,,,,,,,,,,,7987.424107869593,,6194.227115595157,,,,3479.268932736826,,,3018.6687205736393,,,,,2927.098818733807,,,,,,,,,,,,,,,,,,,,,,,,,,,,,4461.486472038065,,,,4405.906166432338,,,,,,,2777.973542639238,3822.855982949995,,,7165.698914873519,5215.41760872697,,,3234.2064310906694,,
2020-09-01 00:00:00+00:00,,,6352.198318526089,,,,,,,,,3326.495677494251,,,3280.9837341853936,7381.766961929849,,,,8095.200234929517,,,,30296.67324496829,,,,,,,,,,,,6701.719629823681,4309.526954788536,16837.56223896395,,,,,,,,,,,,,,,,,,,,,10055.473127508738,,6362.556470551213,,,,3420.511825235423,,,3284.3945135137187,,,,,3377.51582735957,,,,,,,,,,,,,,,,,,,,,,,,,,,,,4796.839378260494,,,,5149.73413030195,,,,,,,,4043.817476515858,,,7762.352109111123,5697.50412576342,,,3846.340889825572,,
2020-10-01 00:00:00+00:00,,,6735.502717730232,,,,,,,,,3626.169968437808,,,3919.85745235923,6939.833399927506,,,,8568.580587005301,,,,29406.649449188553,,,,,,,,,,,,6618.762387194866,3961.5809549714745,17798.660002440738,,,,,,,,,,,,,,,,,,,,,10710.536934457226,,6220.355298159913,,,,,,,3716.126461250183,,,,,3767.763117092718,,,,,,,,3383.160286054279,,,,,,,,,,,,,,,,,,,,,5750.760924363824,,,,5573.101607445925,,,,,,,,4202.72206196149,,,7667.138909731972,5494.1190747194905,,,4065.974782775236,,
2020-11-01 00:00:00+00:00,,,7341.552240107006,,,,,,,,,4090.739453573666,,,4169.053294839752,7233.150098323779,,,,9304.614418735857,,,,30855.13286895315,,,,,,,,,,,,6833.177059520574,3802.6252193586024,19047.799386207203,,,,,,,,,,,,,,,,,,,,,11450.961020481825,,6668.033215889367,,,,,,,4115.199049018555,,,,3831.6324549000883,3965.0640134600885,,,,,,,,,,,,,,,,,,,,,,,,,,,,,6385.083021035749,,,,5987.434933340515,,,,,,,,4327.834415453773,,,8185.669138780223,5245.077022442647,,,4495.7083001987085,,
2020-12-01 00:00:00+00:00,,,8180.72833266748,,,,,,,,,4581.1634422860925,,,4428.345904075696,8154.319695825243,,,,9801.728853484172,,,,33036.38919035181,,,,,,,,,,,,7532.6036843093725,4251.690875173495,21689.748790113903,,,,,,,,,,,,,,,,,,,,,12982.905697419856,,8308.269492876036,,,,,,,4433.861025627671,,,,4032.215782853343,4211.495737267145,,,,,,,,,,,,,,,,,,,,,,,,,,,,,7108.665174764777,,,,6265.743572101566,,,,,,,,5404.030283805639,,,11289.354069401455,5408.809336138935,,,5121.571098111514,,
2021-01-01 00:00:00+00:00,,,9435.277089165616,,,,,,,,,5042.716305705698,,,4941.325391393565,9694.998352080622,,,,11106.704027217122,,,,39605.40190295038,,,,,,,,,,,,8484.403323202854,4833.294390139342,25793.30012658113,,,,,,,,,,,,,,,,,,,,,14577.101802692616,,11189.487080393705,,,,,,,4881.9926709138,,,,4545.111096514036,,,,,,,,,,,,,,,,,,,,,,,,7361.756953877766,,,,,,7954.701354926478,,,,6686.492405289492,,,,,,,,6767.192292331635,,,16987.9586897728,5563.378831737441,,,5574.841762707715,,
2021-02-01 00:00:00+00:00,,,12832.880231441184,,,,,,,,,6389.434522897275,,,,12997.632494305379,,,,13488.391134173562,,,,53642.68001512388,,,,,7642.228441878325,,,,,13713.101695910938,,10909.096697375888,,37503.09518221095,,,,,,,,,,,,,,,,,,,,,17866.3303381743,,15261.869436060593,,,,,,,6489.270060840243,,,,,,,,,,,,,,,,,,,,,,,,,,,,8816.40955282205,,,,,,10131.203953695223,,,,7766.2909976441315,,,,,,,,9584.186658068113,,,22335.817192775037,6305.43163741475,,12183.230998110866,7135.015201440918,,
2021-03-01 00:00:00+00:00,,,19106.76721521797,,,,,,,,,,,,,14964.82141037326,,,,20771.093611925342,,,,63747.953018889624,,,,,7788.698649930422,,,,11801.597215954627,17247.28475205444,,12648.048957536634,,45031.35667159346,,,,,,,,,,,,,,,,,,,,,18619.826951953557,,18143.662755816313,,,,,,,,,,,,,,,,,,,,,,,,,,,,,,,,,,11289.85211300257,9744.161863697642,,,,,,11623.160954143581,,14003.053399340832,,9171.806457489973,,,,,,,,12204.230142769313,,,26749.209533150468,,,12853.460055805774,7817.676979943941,,
2021-04-01 00:00:00+00:00,,10956.698820361073,25164.900714145606,,,,,,,,,,,,,16125.793158649805,,,,27544.61920856046,,,,73624.08136792334,,,,,,,,,15542.741379940486,21209.21237321222,,13366.879242328167,,50813.487683254934,,10391.34403828086,,,,,,,,,,,,,,,,,,,19678.116593913717,,20597.42764095129,,,,,,,,,,,,,,,,,,,,,,,,,,,,,,,,,,13352.411964539358,10989.44633399319,,,,,,12334.991884651978,,15377.882481042456,,11349.611595809421,,,,,,,,14064.490514714089,,,29023.160567617684,,,12760.131043424279,,,
2021-05-01 00:00:00+00:00,,,29920.9804592855,,,,,,,,,,,,,17903.14559221842,,,,36998.90032387694,,,,80603.00034943272,,,,13793.667701614759,,,,,26174.328782629153,24825.95571098228,,15346.485343427905,,57491.85159549033,,13013.653871797464,,,,,,,,,,,,,,,,,,,20997.93358977369,,23341.40795778257,,,,,,,,,,,,,,,,,,,,,,,,,,,,,,,,,,14386.875851419463,13042.534802252025,,,,,,15502.532954059569,,17262.926599934504,,15624.33618470133,,,,,,,,16389.965898222752,,,36249.588226155334,,,12875.678352934616,,,
2021-06-01 00:00:00+00:00,,,34601.81205330356,,,,,,,,,,,,,19665.671921649948,,,,44457.21870294523,,,,82600.9210453765,,,,16685.227547101935,,,,,42064.07667614404,28102.372462394196,,18257.733152556917,15302.675104019316,64376.68165294675,,14781.940893388019,,,,,,,18420.667050676086,,,,,,,,,,,,21901.39337560883,,24915.04172153596,,,,18196.346828421614,,,,,,,,,,,,,,,,,,,,,,,,,,,,,,,,,,,,,17324.603514972823,,17121.19331483577,,18633.24017608502,,,,,,,,17417.23239388574,,,40550.088335788765,,,,,,
2021-07-01 00:00:00+00:00,,,36973.04636767201,,,,,,,,,,,,,19067.86172520325,,,,47526.65073570314,,,,81954.37717655505,,,,17389.403842643616,,,,,49384.86914379752,29054.44507234401,,18632.34785995614,17113.869953005244,66911.6714074716,,15865.425132251321,,,,,,,,,,,,,,,,,,,21970.251413224432,,23285.760964788504,,,,22967.96085048212,,,,,,,,,,,,,,,,,,,,,,,,,,,,,24249.605093299757,,,,,,,,17862.69882077638,,16794.06349511584,,19660.90013298183,,,,,,,,16933.40787235929,,,38852.28773887422,,,,,,
2021-08-01 00:00:00+00:00,,,31998.30847802631,,,,,,,,,,,,,14822.243675117066,,,,45282.288165421334,,,,67526.35967084748,14284.634762638429,,,17621.723941610955,,,,,41658.3787432024,23310.343935683988,,16610.153599611247,15893.771040463429,52826.714999414995,,15618.672446413777,,,,,,,,,,,,,,,,,,,17032.173221537923,,18602.76355966458,,,,22027.897414897805,,,,,,,,,,,,,,,,,,,,,,,,,,,,,53431.100093618756,,13460.436461859923,,,,,,15416.342916482376,,,,17417.38861219765,,,,,,,,,,,32370.82162821962,,,,,,
2021-09-01 00:00:00+00:00,,,25977.35423493916,,,,,,,,,,,,,,,,,33437.14917160615,,,,58184.933782411405,12624.254734715261,,,15198.817196838423,,,,,34331.35813605667,20303.830136141445,,14597.457838044471,15117.250062351992,47387.635202281985,,14492.934532186306,,,,,,,,,,,,,,,,,,,14624.759605688783,,15078.812051627225,,,,19574.2162936895,,,,,,,,,,,,,,,,,,,,,,,,,,,13931.175910753487,,65262.38226026615,,,,12732.578859236173,,,,13119.453387345091,,,,15380.413292488056,,,,,,,,,,,28400.005668721493,,,,,,
2021-10-01 00:00:00+00:00,,,26761.734350105093,,,,,,,,,,,13933.398460735496,,,,,,32252.795167923618,,,,56711.37065345635,,,,12263.691545637495,,,,,35473.526202422916,21085.08139449051,,14708.896665392056,16122.779859143353,49287.63646397734,,15368.939542495349,,,,,,,,,,,,,,,,,,,15208.243564337423,,15043.090069478301,,,,20247.32079784554,,,,,,,,,,,,,,,,,,,,,,,,,,,19117.438810672218,,62697.043288292276,,,,12080.096784268431,,,,13071.277788568104,,,,15048.489646775217,,,,,,,,,,,29182.92526875975,,,,,,
2021-11-01 00:00:00+00:00,,,26284.371284585937,,,,,,,,,,,17542.370322143834,,,,,,28653.619866652167,,,,55814.725401853175,,,,,,,,,28461.819907017754,21420.507463178626,,13490.010479578308,14818.996734577844,49248.3086982074,,14970.656794659848,,13010.985901128233,,,,,,,,,12213.639198511833,,,,,,,,14576.794698947868,,13485.764211627944,,,,20531.531732571144,,,,,,,,,,,,,,,,,,,,,,,,19574.531306444434,,,22086.03213073429,,54052.98347402008,,,,,,,,,,,,12993.050677679645,,,,,,,,,,,24992.285857928662,,,,,,
2021-12-01 00:00:00+00:00,,,21907.770995700204,,,,,,,,,,14170.4872854652,20522.944378833523,,,,,,25345.55943315603,,,,52184.72137920571,,,,,,,,,21950.86847138875,20404.57199475243,,,,44499.01469285813,,14985.278849376698,,14384.638817353329,,,,,,,,,,,,,,,,,13170.000908360378,,11995.257599840683,,,,16227.697867630095,,,,,,,,,,,,,,,,,,,,,,12045.036871725337,,22341.46870176718,11516.926007878326,,23610.357167476926,,36113.16688874335,,,,,,,,12362.143741465801,,,,,,,,,,,,,,,21744.401681512096,,,,,,
2022-01-01 00:00:00+00:00,,,20734.138793508602,,,,,,,,,,16882.308957154823,22025.87954859478,,,,,,24262.147104091877,,,,49071.650065639515,,,,,,,,,20117.90973010045,20276.531902246967,,,,43537.751302276105,,15050.374441036573,,15490.431738265823,,,,,,,,,,,,,,,,,12852.831548059967,,11820.614243039969,,12896.715702582196,,16309.231269186257,,,,,,,,,,,,,,,,,,,,,,16397.847075481182,,23863.096364851554,11780.286199949318,,24050.609523609808,,,,,,,,,,12994.038697951548,,,,,,,,,,,,,,,21093.639742736726,,,,,,
2022-02-01 00:00:00+00:00,,,21033.19206692297,,,,,,,,,12410.559111845629,18795.14326706234,14190.829720949363,,,,,,24134.583554258024,,,,48160.320343273146,,,,,,,,,19393.148800703235,20285.88600181033,,,,42595.752171909146,,15188.072139515527,,18524.219066666785,,,,,,,,,,,,,,,,,13601.998702940524,,11822.389412014138,,14103.730772516235,,16441.811098541242,,,,,,,,,,,,,,,,,,,,,,17239.4730185624,,25395.34567172419,,,24976.76037574308,,,,,,,,,,13657.93211784305,,,,,,,,,,,,,,,20712.537192306267,,,,,,
2022-03-01 00:00:00+00:00,,,18497.71804750632,,,,,,,,,12603.31301624212,18543.577525773813,,,,,,,22710.417638655737,,,,47083.612325322625,,,,,,,,,16906.078513638407,19062.486592667196,,,,41141.81560633333,,14202.485561101008,,18769.934902341356,,18041.220644503388,,,,,,,,,,,,,,,13035.42248242323,,,,15234.037157429892,,15746.926764351203,,,,,,,,,,,,,,,,,,,,,,17660.93673077831,,26574.555374329822,12453.53265223613,,23644.660784775337,,,,,,,,,,13657.123488809919,,,,,,,,,,,,,,,19458.01011228274,,,,,,
2022-04-01 00:00:00+00:00,,,15989.69380085862,,,,,,,,,11328.070375367035,16021.01925236457,,,,,,,21444.358601505115,,,,46555.25642245756,,,,,,,,,15744.401352749344,16804.074233662,,,,39919.9984246645,,12023.19346756199,,17008.80407051319,,16434.009128818296,,,,,,,,,,,,,,,11843.559395980674,,,,16181.038282392676,,14889.923909760291,,,,,,,,,,,,,,,,,,,,,,18391.613359134884,,27053.448293512985,11747.179941700007,,19909.890552707435,,,,,,,,,,13042.588061486938,,,,,,,,,,,,,,,18289.795820404543,,,,,,
2022-05-01 00:00:00+00:00,,,14581.518010965843,,,,,,,,,10779.478649133303,15712.103993550201,,,,,,,20233.145068023656,,,,44489.69800350355,,,,,,,,,14232.574824972151,14626.453017833539,,,,38991.197604498746,,,,15117.637401915184,,16365.221129594438,,,,,,,,,,,,,,,10758.290927082746,,,,14328.844639591616,,13632.630895231785,12343.76425268297,,,,,,,,,,,,,,,,,,,,,17659.3973347961,,19060.79191105984,10911.670068874695,,18525.166521983905,,,,,,,,,,12256.535267795547,,,,,,,,,,,,,,,16919.024485471957,,,,,,
2022-06-01 00:00:00+00:00,,,13633.492300108954,,,,,,,,,10760.526997867359,15051.740564477019,,,,,,,18826.118903731993,,,,44787.141546652696,,,,,,,,,12934.67868071632,13020.218786211726,,,,39210.33144593569,,,,15351.80467812459,,14196.093814463877,,,,,,,,,,,,,10603.984149257512,,9836.1118194609,,,,10252.753701244239,,13018.909534680157,13128.934782810109,,,,,,,,,,,,,,,,,,,,,12950.885394880026,,15289.505286786733,,,17915.903248847826,,,,,,,,,,11318.286324739587,,,,,,,,,,,,,,,16008.449041808179,,,,,,
2022-07-01 00:00:00+00:00,,,13307.428717631174,,,,,,,,,10180.511139207265,14437.787438517807,,,,,,,17509.257109018705,,,,46292.77138809869,,,,,,,,,12082.789993891754,11560.898271174095,,,,41473.4629274714,,,,14719.902913081785,,12409.129002871205,,,,,,,,,,,,,9159.784238733053,,9565.525390334273,,,,,,11021.774014231849,12349.668041208219,,,,,,,,,,,,,,,,,,,,,11042.171796008723,,13689.813405193974,,,17890.076724718783,,,,,,,,,,11105.44719968719,,,,,,8868.078788544706,,,,,,,,,15136.205855230743,,,,,,
2022-08-01 00:00:00+00:00,,,12280.679038245145,,,,11965.3471070118,,,,,8685.364279678315,13793.850807569508,,,,,,,16011.1747545957,,,,51341.0612489552,,,,,,,,,10999.083157425517,10217.663498588088,,,,42871.49929923502,,,,12043.471500540498,,11217.826614551852,,,,,,,,,,,,,,,8148.171666856606,,,,,,10867.084897849196,10995.45332135583,,,,,,,,,,,,,,,,,,,,,9618.16363938259,,12499.105672459362,,,17042.0893725959,,,,,,,,,,10535.304459860406,,,,,,9180.906258934847,,,,,,,,,14369.778528089984,,,,,,
2022-09-01 00:00:00+00:00,,,11470.810103713926,,,,10550.607946623702,13277.810771168814,,,,,12487.04674129256,,,,,,,15133.776944165513,,,,55639.68522447227,,,,,,,,,10562.476974170866,9251.881149485565,,,8910.322630389835,42333.94788726855,,,,10094.480037612087,,9231.213147284845,,19145.701609318647,,,,,,,,,,,,,,,,,,,10026.925262435461,10590.924404464913,,,,,,,,,,,,,,,,,,,,,,,11141.406193877518,,,16023.700844783172,,,,,,,,,,9937.307737972931,,,,,,9205.67082576829,,,,,,,,,12700.91615246199,,,,,,
2022-10-01 00:00:00+00:00,,,10751.466285019775,,,,8562.894493848087,11295.209656653498,,,,7480.141441721879,10657.468369131364,,,,,,,14210.711024649438,,,,62894.38212151444,,,,,,,,,9860.568997165337,8394.580595238729,,,9127.317472971414,40949.9356510891,,,,8224.85497788905,,7557.151469336353,,13468.713495058599,,,,,,,,,,,,,,,,,,,9503.834468766727,9666.231659855614,,,,,,,,,,,,,,,,,,,,,,,10132.58287886117,,,14587.46842397827,,,,,,,,,,9319.345055479098,,,,,,,,,,,,,,,12459.770112159957,,,,,,
2022-11-01 00:00:00+00:00,,,9862.685104017406,,,,,8533.958551800604,,,,6928.200226101338,8757.610501504367,,,,,,,13153.22129820064,,,,64825.35602638232,,,,,,,,,9013.663002052825,7455.008460049532,,,8737.187701757202,38014.94575332564,,,,6521.861147726096,,6297.711850447694,,9328.301809621966,,,,,,,,,,,,,6852.5467016664315,,,,,,9062.477501334011,7517.403830012137,,,,,,,,,,,,,,,,,,,,,,,9084.0856962764,,,12671.17367927463,,,,,,,,,,8403.178351919765,,,,,,,,,,,,,,,12125.376793793159,,,,,,
2022-12-01 00:00:00+00:00,,,8916.358027190106,,,,,6968.77666188686,,,,6533.223171228063,7491.495208056221,,,,,,,12204.502144050733,,,,67584.86092811056,,,,7123.639656422612,,,,,10150.886122957483,6606.244327472711,,,8650.768805802622,36165.90021676102,,,,,10479.21372105646,,,6423.678875845985,,,,,,,,,,,,,7084.674853936652,,,,,,9566.400837358331,6620.616284197834,,,,,,,,,,,,,,,,,,,,,,,8491.894572894724,,,12338.320503782827,,,,,,,,,,6793.572993412555,,,,,,,,,,,,,,,11856.783367987391,,,,,,
2023-01-01 00:00:00+00:00,,,7651.505990042408,,,,,6141.520699327962,,,,6154.452285342311,6317.170010934077,,,,,,,11283.310641765323,,,,67955.77624063716,,,,7236.949496367415,,,,,10370.42119696399,6040.914586101019,,,8542.123702222663,32366.592243471176,,,,,,,,,,,,,,,,,,,,,6456.785416639467,,6367.149435854609,,,,9150.56841150875,5989.27317150739,,,,,,,,5842.674312791081,,,,,,,,,,,,,,,7758.0561577959015,,,10846.079048243677,,,,,,,,,,5552.4308820437755,,,,,,,,,,,,,,,11528.945492865583,,,,,,
2023-02-01 00:00:00+00:00,,,7062.004107129141,,,,,5597.589044973937,,,,5821.451899961668,6022.000142896465,,,,,,,10772.172867766727,,,,68619.56932306,,,,7283.558417139774,,,,,10899.097367371938,5641.261873187919,,,7448.4435895660245,29360.825942944753,,,,,,5567.497290960551,,,,,,,,,,,,,,,6280.0502200301125,,6820.564012786139,,,,8417.492667147657,5928.555655376984,,,,,,,,5665.275744578776,,,,,,,,,,,,,,,7761.4521130709245,,,10874.707593997662,,,,,,,,,,,,,,,,,,,,,,,,,11857.352121796352,,,,,,
2023-03-01 00:00:00+00:00,,,6642.443403552295,,,,,,,,,5633.814424563332,5785.566253793543,,,,,,,10593.851841669812,15654.600816656846,,,71044.01112986667,,,,6688.3575889677595,,,,,11059.070938241563,,,,6287.978561514365,27711.437364572146,,5585.951693987308,,,,5619.366703477783,,,,,,,,,,,,,,,6348.673748691781,,7172.9978560218215,,,,8941.900933240593,5580.759649211879,,,,,,,,5937.431029231241,,,,,,,,,,,,,,,7554.895599266047,,,10636.572974976028,,,,,,,,,,,,,,,,,,,,,,,,,12195.996180396884,,,,,,
2023-04-01 00:00:00+00:00,,,6486.711754894735,,,,,,9364.88181555597,,,,5716.263377697592,,,,,,,10874.930707146828,22981.606434139787,,,72078.4306915392,,,,5760.839666939654,,,,,11389.136374626503,,,,,27762.43240398474,,6135.806097142637,,6121.834729113771,,5970.6228002061325,,,,,,,,,,,,,,,6192.676494715702,,7730.565650319025,,,5667.378468346085,9451.899828295875,,,,,,,,,6419.671683098162,,,,,,,,,,,,,,,7444.854852878235,,,10503.284390636207,,,,,,,,,,,,,,,,,,,,,,,,,12444.500960530626,,,,,,
2023-05-01 00:00:00+00:00,,,6512.720443581395,,,,,,8689.392316043064,,,,5809.936763033891,,,,,,,11247.527919229016,23069.595058729185,,,69867.74958969557,,,5756.561840558085,,,,,,11416.860472247734,,,,,28182.417285320167,,6404.162375528395,,6743.091690034575,,6236.530703670755,,,,,,,,,,,,,,,6243.112119846444,,8270.20062695395,,,6137.652501039922,9554.297254626003,,,,,,,,,6774.458934930892,,,,,,,,,,,,,,,7061.583582859012,,,10348.809007837799,,,,,,,,,,,,,,,,,,,,,,,,,12444.675345178688,,,,,,
2023-06-01 00:00:00+00:00,,,6240.605773449583,,,,,,8270.009336253097,,,,5623.677649352697,,,,,,,10353.821096348775,19108.93291121927,,,64853.5452849424,,,6869.968941910475,,,,,,9751.62578788644,,,,,26969.021464657842,,6319.208223986718,,6752.521168662228,,6252.554295383017,,,,,,,,,,,,,,5644.072279763722,5451.84360195783,,7840.084275131845,,,,8501.444198511143,,,,,,,,,6642.889508616888,,,,,,,,,,,,,,,6572.582320247935,,,9567.08363194051,,,,,,,,,,,,,,,,,,,,,,,,,12260.273807397056,,,,,,
2023-07-01 00:00:00+00:00,,,6611.368789461138,,,,,,8499.157707986222,,,,5893.091852012124,,,,,,,11240.753495000961,17474.95182656131,,,63085.280888278874,,,7706.088376101283,,,,,,9275.700588872345,,,,,27874.171068157528,,6410.996691456032,,7018.55181066581,,6440.047494067317,,,,,,,,,,,,,,5988.450329427417,5436.707773450923,,8113.262421463052,,,,8844.61430907544,,,,,,,,,7067.091368555329,,,,,,,,,,,,,,,6633.025428480966,,,9986.662768614762,,,,,,,,,,,,,,,,,,,,,,,,,12905.575018497591,,,,,,
2023-08-01 00:00:00+00:00,,,6439.114197669455,,,,,,6784.248745318449,,,,5446.490594742563,,,,,,,11476.205374079418,13401.332641023579,,,57704.888846484995,,,7988.435252443353,,,,,,9000.029682676164,,,,,27141.126547665608,,6246.299205729919,,6614.812724236622,,,,,,,,,,,,,,,,5538.919098639393,5433.789110864094,,8270.346128592884,,,,8486.465878809266,,,,,,,,,6701.762102559276,,,,,,,,11879.553946641954,,,,,,,6032.100902449821,,,9617.534561111419,,,,,,,,,,,,,,,,,,,,,,,,,13835.073735540474,,,,,,
2023-09-01 00:00:00+00:00,,,6145.3410464650715,,,,,,5622.397120872258,,,,4901.734877808177,,,,,,,11273.381685550276,,,,47139.02050872742,,,6989.357145731604,,,,,,8607.751109639086,,,,,26113.258323397375,,5217.142924460187,,5659.129415934737,,,,,,,,,,,5304.488158094199,,,,,,5146.156039312669,,8167.589315991016,,,,7567.8349739990135,,,,,,,,,6097.0661755951805,,,,,,,,19569.725462275204,,,,,,,5768.413477836037,,,9258.903080760294,,,,,,,,,,4882.418656852122,,,,,,,,,,,,,,,14405.516905824683,,,,,,
2023-10-01 00:00:00+00:00,,,5459.95379516593,,,,,,4714.19558118104,8715.75934676417,,,4441.799448309484,,,,,,,10665.034556503218,,,,32361.00558708307,,,4923.925772365195,,,,,,7787.744358227309,,,,,23208.089596472164,,,,4574.706563614605,,,,,,,,,,,,,,,,,4970.29822437467,,7507.047706040762,,,,6660.054523534258,,,,,,,,,5416.311313725461,,,,,,,,21951.937276847086,,4452.239417114796,,,,,5159.445118992688,,,8731.269622250758,,,,,,,,,,4514.133492528384,,,,,,,,,,,,,,,13410.62363908201,,,,,,
2023-11-01 00:00:00+00:00,,,5037.815748325329,,,,,,4361.807232070156,6951.2136446589875,,,4424.638905351916,,,,,,,10261.974955886832,,,,31208.664711268506,,,4194.322695080004,,,,,,6794.769127515099,,,,,21601.179521538987,,,,,,,,,,,,,,,,,,,,,5400.643152881315,,7136.422976007345,,,,6389.223464849249,,,,,,,,,5165.512266927435,,,,5948.108628883289,,,,19886.01005500755,,,,,,,4993.797263483379,,,9213.130881222913,5320.98433707015,,,,,,,,,4510.906254446183,,,,,,,,,,,,,,,13428.13251509672,,,,,,
2023-12-01 00:00:00+00:00,,,5341.398244146066,,,,,,,6630.900312756498,,,5540.225953355355,,,,,,,11100.259668163211,,,,31914.02115152037,,,,,,,,,7951.059637976968,,,,,22096.198627870614,,,,,,4440.500977389569,,,,,,,,,,,,,,,6571.474108259703,,6822.765749530751,,,,6902.455129178248,,,,,,,,,5357.15753655553,,,,5204.697171362726,,,,17578.648010038454,,,,4689.11127451561,,,5289.640873485085,,,11604.430053023812,5107.9077713706365,,,,,,,,,4650.863519432866,,,,,,,,,,,,,,,14081.942418505521,,,,,,
2024-01-01 00:00:00+00:00,,,6174.964177794099,,,,,,,7141.66715802867,,,7351.164730235887,,,,,,,11642.990109888751,,,,32654.55007762406,,,,,,,,,8803.074435388538,4922.532651764208,,,,22849.19101054758,,,,,,,,,,,,,,,,,,,,,7553.665950844853,,6348.982094050668,,,,7468.181875758661,,,,,,,,,6272.759603934121,,,,4965.713124872281,,,,13033.361440310828,,,,5979.22395338047,,,5842.274741348425,,,14677.164778063381,5165.701121875999,,,,,,,4943.177500450347,,,,,,,,,,,,,,,,,14297.726455824968,,,,,,
2024-02-01 00:00:00+00:00,,,6610.0281007582425,,,,,,,8470.970671129375,,,8396.692023467336,,,,,,,12554.760098260453,,,,35112.220549630365,,,,,,,,,8826.347820869278,,,,,24771.2405627856,,,,,,,,,,,,,,,,5730.733718068604,,,,,8180.192007807104,,5996.763875809336,,,,7850.27750902319,,,,,,,,,7031.231553624793,,,,,,,,,,,,7075.336142530796,,7043.012903201371,5969.088877026634,,,17075.574301351528,6211.448665718805,,,,,,,6310.712620536642,,,,,,,,,,,5839.998443524384,,,,,,13626.039130376073,,,,,,
2024-03-01 00:00:00+00:00,,,7445.495008662017,,,,,,,9287.416584202338,,,9610.923747342738,,,,,,,13599.124119720556,,,,37530.404758249424,,,,,,,,,9473.046236662676,,,,,26933.39021411866,,6367.055172448375,,,,,,,,,,,,,,6622.520280378561,,,,,9280.78760837153,,,,,,8403.87503084091,6229.302866654146,,,,,,,,7543.943480955098,,,,,,,,,,,,7438.225669156155,,7574.973561927406,,,,19800.02320765137,7178.863457152144,,,,,,,6729.283584411248,,,,,,,,,,,6938.6261616807515,,,,,,13825.42083977404,,,,,,
2024-04-01 00:00:00+00:00,,,8904.81259014284,,,,,,,10924.036407415413,,,11894.538146295126,,,,,,,16680.89778158487,,,,43207.84765167442,,,,,,,,,13241.15197783288,,,,,31279.33550116975,,7989.79795398468,,,,,,,,,,,,,,,,,,,10266.93161134346,,,,,,9550.99933507638,8319.648052816883,,,,,,,,8685.780277435977,,,,9344.177255594002,,,,,,,,9038.23773711573,,8918.812424070666,10037.96759402077,,,24813.71283580449,8592.033291771073,,,,,,,,,,,,,,,,,,8418.480456017223,,,,,,15656.498544749487,,,,,,
2024-05-01 00:00:00+00:00,,,9649.116538308854,,,,,,,11675.635036321593,,,12746.015493469971,,,,,,,18497.39927620156,,,,46120.64710162145,,,,,,,,,15407.646939269842,,,,,33975.34204489503,,,,,,,,,,,,,,,,,,,,,10203.50313123348,,,,,,9871.817060014479,9835.746333464038,,,,,,,,,13079.169272292014,,,11778.614517532147,,,,,,,,9857.417183568503,,9655.671785573568,11649.969450229177,,,27539.0649100415,9320.338800555306,,,,,,10144.933986709137,,,,,,,,,,,,9334.529895980124,,,,,,16198.301760706889,,,,,,
2024-06-01 00:00:00+00:00,,,9603.573518569048,,,,,,,12076.696522096447,,,12127.3872637653,,,,,,,18932.486471995326,,,9406.858063170139,47953.749834682225,,,,,,,,,16065.4040932036,,,,,35365.80065853179,,,,,,,,,,,,,,,,,,,,,9620.001262761229,,,,,,9290.775652740855,10541.953750710933,,,,,,,,9512.385150678656,11890.300986940469,,,15378.750535339868,,,,,,,,9770.826946202471,,,12833.474593112614,,,28125.996707430688,9318.161328787512,,,,,,,,,,,,,,,,,,9800.810021511827,,,,,,15743.984082294766,,,,,,
2024-07-01 00:00:00+00:00,,,,,,,,,,11303.29336298398,,,10459.310425908849,,,,,,,18576.41217696476,,,9069.462374830338,47987.32140039863,,,,,,,,,15989.35237928344,,,,,35692.67796761226,8603.527670885696,,9102.361322653613,,,,,,,,,,,,,,,,,,8947.846185098962,,,,,,,9993.919857884739,,,,,,,,,10178.504795184514,,,17880.946206116063,,,,,,8631.40661534951,,9383.040976997147,,,12999.643781290923,,,26847.602422081705,8940.40752247487,,,,,,,,,,,,,,,,,,9689.316672392382,,,,,,15149.87127378017,,,,,,
2024-08-01 00:00:00+00:00,,,8288.391184702767,,,,,,,9923.118802196108,,,10010.461212866718,,,,,,,18025.751942462502,,,9331.786563920998,47523.21121481729,,,,,,,,,16341.66075584256,,,,,35473.88583843344,8866.001439432544,,10149.457822430377,,,,,,,,,,,,,,,,,,8207.727472021212,,,,,,,9924.507706772141,,,,,,,,,9397.918879855455,,,20396.473127177764,,,,,,8700.190045862268,,9203.323389344516,,,13482.289111568849,,,26608.85676888925,,,,,,,,,,,,,,,,,,,10533.569830393282,,,,,,15300.978648856671,,,,,,
2024-09-01 00:00:00+00:00,8253.172849223936,,,,,,,,,8980.827761099687,,,9383.172706479205,,,,,,,17292.92959306156,,11577.203744982517,8938.737568416902,46969.886137803944,,,,,,,,,15468.891868851311,,,,,35042.06432943775,8809.11633162259,,10263.391860556883,,,,,,,,,,,,,,,,,,,,,,,,,9571.626124075417,,,,,,,,,8685.994975476631,,,20623.011363964397,,,,,,,,9030.883332031875,,,12209.27435332998,,,26929.33674324126,,,,,,,,,,,,,,,,,14641.919444427029,,9487.793536134655,,,,,,14930.985185015506,,,,,,
2024-10-01 00:00:00+00:00,8043.988848908869,,,,,,,,,,,,7748.666109081577,,,,,,,13940.877466242857,,9292.697503042344,8014.934338003117,43056.56367644662,,,,,,,,,12246.735288667394,,8740.080462821474,,,31887.394005366295,8082.853849484359,,8435.292096591254,,,,,,,,,,,,,,,,,,,,,,,,,8259.14580884591,,,,,,,,,7868.24058278838,,,18405.9025747595,,,,,,,,7768.656885582105,,,8988.189234087393,,,24204.82172070831,,,,,,,,,,,,,,,,,13774.032000895904,,8126.27884220609,,,,,,13297.05772346459,,,,,,
2024-11-01 00:00:00+00:00,7976.2864171238625,,,,,,,,,,,,,,,,,,,12564.385231281243,,8619.906231583089,7774.973125157558,41014.75103909194,,,,,,,,,11247.447296763337,,,,,30145.304840757344,7778.321119532437,,8126.099733844571,,,,,,,,,,,,,,,,,,,,,,,,,7427.566302264727,,,11266.995356441828,,,,,,,,8359.838441294352,17641.107581769633,,,,,,,,7220.6214939103065,,,8081.5363156867725,,,22817.228990986845,8534.796582356812,,,,,,,,,,,,,,,,13382.341695135487,,7884.854686800568,,,,,,12515.51062018846,,,,,,
2024-12-01 00:00:00+00:00,8179.06393250978,,7965.039107618109,,,,,,,,,,7816.370691667786,,,,,,,13571.227347231017,,8316.759059792023,8196.386536537639,44214.56948247471,,,,,,,,,15928.43774541207,,,,,31718.750315739286,8110.748126142611,,8215.454163573148,,,,,,,,,,,,,,,,,,,,,,,,,7580.6083461380385,,,9313.494370640788,,,,,,,,,18355.860904683213,,,,,,,,,,,9007.547868921542,,,24444.230724134486,10553.212513297227,,,,,,,,,,,,,,,,13496.771298432519,,8136.347178382676,,,,,,15240.774215295218,,,,,,
2025-01-01 00:00:00+00:00,8127.792739637663,,9430.037892845883,,,,,,,,,,8335.370767818527,,,,,,,14278.913989464763,,7980.783581773374,8470.051848494488,46426.56651752871,,,,,,,,,19324.455816201233,,,,,33108.281694693855,8138.044871793881,,8174.6818925298285,,,,,,,,,,,,,,,,,,,,,,,,,7694.318716303898,,,,,,,,,,,,19383.845072934084,,,,,,,,,,,9951.007786621898,,,25382.808918837854,12832.341720352115,,,,,,,,,8831.972398185899,,,,,,,13133.050115564547,,8313.569130334663,,,,,,19900.60931373959,,,,,,
2025-02-01 00:00:00+00:00,,,10799.725139153059,,,,,,,,,,8439.874965746247,,,,,,,14490.508766115783,,,8386.690199340474,47874.16949970879,,,,,,,,,21815.540684977223,,8556.218357349208,,,33934.15612877443,8284.448465398784,,8050.5522347692895,,,,,,,7975.066901773211,,,,,,,,,,,8199.65309188307,,,,,,,,,,,,,,,,,,,19318.017826545733,,,,,,,,,,,10051.474395150613,,,26760.198355824046,15254.900474270713,,,,,,,,,9946.417424365081,,,,,,,12531.060195404101,,8659.232861922066,,,,,,23332.278674423487,,,,,,
2025-03-01 00:00:00+00:00,,,11585.517317427491,,,,,,,,,,8465.109185023908,,,,,,,14951.2834078971,,,,48667.12057646566,,,,,,,,,23144.275693952997,,9209.407315502882,,,35385.61118500029,,,,,,,,,,8846.363637098591,,,,,,,,,,,8635.05104788516,,8605.801605448483,,,,,,12460.87421617501,,,,,,,,,,,18646.278382560995,,,,,,,,9501.91476626516,,,10082.940619048852,,,26930.792069923547,16166.377719332286,,,,,,,,,10143.699300693419,,,,,,,12121.716564838147,,8827.083841095708,,,,,,25608.049343610513,,,,,,
2025-04-01 00:00:00+00:00,,,13450.445033324175,,,,,,,,,,8724.080645813272,,,,,,,15415.891307155338,,,,50005.359528913425,,,,,,,,,24061.44514935651,,9705.122289495506,,,36714.28977196967,,,,,,,,,,9821.013913619976,,,,,,,,,,,9252.930774175898,,9265.162841966307,,,,,,10372.942407353787,,,,,,,,,,,18495.50951854978,,,,,,,,9875.924110481496,,,9832.034642260369,,,27587.286892852553,15873.699522335775,,,,,,,,,10884.326536785054,,,,,,,11893.594885725443,,8780.147093281295,,,,,,27950.25357230937,,,,,,
2025-05-01 00:00:00+00:00,,,14153.455478657346,,,,,,,,,,8799.65872548638,,,,,,,15557.566412517855,,,,51173.59314907127,,,,,,,,,23835.359317857383,,9568.943709318075,,,37803.627903420595,,,,,,,,,,10386.735902484723,,,,,,,,,,,9508.960296999896,,9459.685550304208,,,,,,,,,,10648.46366953209,,,,,,,18076.311363717326,11457.135411649237,,,,,,,8982.502557058204,,,9347.93877240446,,,27962.326303191363,15777.361650954243,,,,,,,,,11545.649627649318,,,,,,,10930.619118015902,,,,,,,,29704.080790253596,,,,,,
2025-06-01 00:00:00+00:00,,,12396.895176220425,,,,,,,,,,8016.552557780896,,,,,,,14340.234443311421,,,,48210.354554649086,,,,,,,,,18615.293016074214,,9510.007462841757,,,37363.522756423845,,,,,,,,,,8820.255795480647,,,,,,,,,,,9108.777829768047,,9022.614141165344,,,,,,,,,,11776.454263257405,,,,,,,16189.15870679522,9274.683810785531,,,,,,,8010.273653303368,,,,,,26148.995395599493,15491.021725907423,,,,,,,,,11735.468069039936,,,,,,,9648.090623330681,,7568.525653666173,,,,,,25844.834166652963,,,,,,
2025-07-01 00:00:00+00:00,,,11496.54262456843,,,,,,,,,,7392.036649746557,,,,,,,13046.654404320661,,,,46309.73798118961,,,,,,,,,15915.744462663642,,8702.628293845995,,,36675.7861118921,,,,,,,,,,7192.747929122157,,,,,,,,,,,7979.2240351787805,,8410.632511663684,,,,,,,,,,11474.365813824612,,,,,,,14823.492208661202,7575.971389910513,,,,,,,,,,,,,25269.32697788,14730.674549345173,,,,,,,,14515.701160701128,10835.49791245706,,,,,,,8523.322345426086,,6784.761747407313,,,,,,22770.987267019893,,,,,,
2025-08-01 00:00:00+00:00,,,11099.852698645944,,,,,,,,,,7271.357391647485,,,,,,,13165.106287269049,,,,45377.66685593887,,,,,,,,,15002.599003663898,,8490.03008822763,,,37892.07928217117,,,,,,,,,,6868.297444612231,,,,,,,,,,,7453.160253897186,,8112.73048687484,,,,,,,,,,11824.862625582206,,,,,,,14498.9903620926,6986.711178810536,,,,,,,,,,,,,23892.56781133153,14306.255758489577,,,,,,,,11762.168495895496,10793.45924076777,,6843.1897000165345,,,,,8139.900923287774,,,,,,,,22070.65942837561,,,,,,
2025-09-01 00:00:00+00:00,,,10954.656231496965,,,,,,,,,,7410.924407503794,,,,,,,12728.411681347252,,,6780.536645952052,43671.4131383673,,,,,,,,,15033.876190764728,,9374.61290275406,,,40180.9909854079,,,,,,,,,,,,,,,,,,,,,8340.550404594074,,7306.93969544409,,,,,,,,,,9765.928184496815,,,,,7355.864222670123,,14319.146989173842,,,,,,,,,,,,,,23865.85994722137,14013.243800526467,,,,,,,,9785.26197716083,11125.797370437444,,7311.311188346225,,,,,7723.283675092271,,,,,,,,20874.962941067934,,,,,,
2025-10-01 00:00:00+00:00,,,10535.277965038815,,,,,,,,,,8068.2228397904755,,,,,,,12862.625066779725,,,7102.675538140179,42287.25186887751,,,,,,,,,16009.782198166142,,9923.204791610762,,,42437.72830197736,,,,,,,,,,,,,,,,,,,,,8571.517077032231,,7127.265861195468,,,,,,,,,,,,,,,8088.476667560855,,13856.898394864036,,,,,,,,,,,,,,25098.510820788833,13834.540748412013,,,,,,,,8897.97327178348,11191.56696317099,,7593.281869595814,,,,,7397.600311089097,,6985.944101473872,,,,,,20206.78301152826,,,,,,
2025-11-01 00:00:00+00:00,,,10848.600634928765,,,,,,,,,,8672.211751591181,,,,,,,15973.937918722773,,,7169.296684070303,42992.57418901294,,,,,,,,,17088.629569855373,,10533.396999430403,,,44931.39610533751,,,,,,,,,,,,,,,,,,,,,9211.319826848166,,7709.464126139988,,,,,,,,,,,,,,,8482.64205924676,,13349.280350522873,,,,,,,,,,,,,,26142.16402565238,13326.280191202333,,,,,,,,8092.742477953982,11283.021501706056,,7962.986197811058,,,,,7257.675389771688,,7293.090219940742,,,,,,20316.67928519663,,,,,,
2025-12-01 00:00:00+00:00,,,10664.205428385432,,,,,,,,,,8628.38715092108,,,,,,,16661.09684572037,,,6708.9915521245075,44138.5340506015,,,,,,,,,16655.934475223432,,10219.772524760272,,,45077.96743964523,,,,,,,,,,,,,,,,,,,,,9325.709150946019,,7872.004987537537,,,,,,,,,,,,,,,8283.921523496483,,11228.82309972768,,,,,,,,,,,,,,26429.250474253808,12334.320253571826,,,,,,,,7083.654274199815,11073.580451557273,,8210.674987437189,,,,,,,6903.975952542259,,,,,,20431.767899373852,,,,7983.403088230474,,
2026-01-01 00:00:00+00:00,,,10418.575500600424,,,,,,,,,,8561.061455431076,,,,,,,17285.25480285301,,,6508.990210269993,43905.557352884076,,,,,,,,,16205.980905388767,,9938.462027545109,,,44471.17005354763,,,,,,,,,,6612.178472929219,,,,,,,,,,,9325.258279109998,,7794.335477571616,,,,,,,,,,,,,,,7897.032473022588,,9807.013153969228,,,,,,,,,,,,,,26261.559937862872,11733.044685516661,,,,,,,,,10741.110359173728,,7588.333957571082,,,,,,,6563.89252470302,,,,,,19989.398562975344,,,,10418.499530568639,,
2026-02-01 00:00:00+00:00,,,9594.117797849884,,,,,,,,,,8180.10145720302,,,,,,,16955.57831143508,,,,43003.56635453884,,,,,,,,,14898.291319694532,,8590.254312160117,,,42104.24658456399,,,,,,,,,,,,,,,,,,,,,8953.92384522628,,7442.648377999177,,,,,6077.543728332442,,,,,,,,,,6354.5749455822,,8732.40796898928,,,,,,,,,,,,,,25276.052014754445,10734.975954114232,,,,6093.5994947418085,,,,,9776.467831551618,,6680.832248996151,,,,,,,6145.624211275667,,,,,,17701.485393035753,,,,12278.80698923955,,
2026-03-01 00:00:00+00:00,,,8604.106247261474,,,,,,,,,,7726.940432894333,,,,,,,16521.820765039713,,,,43724.98847617984,,,,,,,,,13694.2171449147,,7261.598347788876,,,39720.569626320146,,,,,,,,,,,,,,,,,,,,,7685.461768729576,,6915.168252071001,,,,,5958.212104804401,,,,,,,,,,,,8066.302676862777,,6921.421274658943,,,,,,,,,,,,23758.774885337825,9835.004392014356,,,,6061.267918491721,,,,,8813.693001589922,,6008.547705237849,,,,,,,,6767.89993944231,,,,,17150.520946921453,,,,13347.392546580808,,
2026-04-01 00:00:00+00:00,,,7829.685154921657,,,,,,,,9013.37884528043,,6526.775442962304,,,,,,,15312.770687349208,,,,43561.19033421787,,,,,,,,,12039.90505608474,,5940.811997303489,,,37187.423374479025,,,,,,,,,,,,,,,,,,,,,6982.308859222481,,6421.621696685869,,,,,5696.901495476794,,,,,,,,,,,,7303.3756597944075,,5554.082455845223,,,,,,,,,,,,21568.71366411026,8750.850510465598,,,,6482.846601232374,,,,,8185.416629093006,,,,,,,,,,,,,,6764.174931650058,16234.086437854321,,,,13910.196123098982,,
2026-05-01 00:00:00+00:00,,,6899.997193170168,,,,,,,,7278.424646147932,,5703.6930478039585,,,,4975.540014452345,4971.87201390543,,11722.285341614983,,,,40850.03343070009,,,,,,,,,10535.126428474527,,,,,33617.743366000446,,,,,,,,,,,,,,,,,,,,,6081.116903390135,,5526.468528959634,,,,,5201.933812012721,,,,,,,,,,,,6774.0737532662215,,,,,,,,,,,,,,19111.91630985753,7446.221707726038,,,,6081.497058522464,,,,,7465.551834318879,,4968.840404339133,,,,,,,,,,,,,14667.356045129312,,,,12793.22046781583,,
2026-06-01 00:00:00+00:00,,,6314.37307093716,,,,,,,,5129.591763850502,,5186.322167445169,,,,4471.881249978382,4521.238629998889,,10534.689927519963,,,,37944.63597055244,,,,,,,,,9763.122545298964,,4374.325119165929,,,30347.50626195361,,,,,,,,,,,,,,,,,,,,,5558.019826323778,,4781.1546571206345,,,,,5143.067657363893,,,,,,,,,,,,6487.520198136731,,,,,,,,,,,,,,17328.1316963767,7195.435593143017,,,,5714.645742191551,,,,,6796.060329458585,,,,,,,,,,,,,,,13377.854494922993,,,,10229.733449221192,,
2026-07-01 00:00:00+00:00,,,6172.963206826754,,,,,,,,4596.875907998233,,4998.428783926138,,,,,,5825.263935902416,10162.187637715422,,,,37966.17163439167,,,,,,,,,9458.322378822037,,4545.218649662036,,,28970.982368377616,,,,,,,,,,,,,,,,,,,,,5289.876504881898,,4599.718981034645,,,,,5758.861124958829,,,,,,,,,,,,6264.439282617191,,,,,,,,,,,,,,16507.398744334358,6963.180888946257,,,,6071.379074627603,,,,,6640.263458926056,,,,,,,,,5577.268370356256,,,,,,13057.226554091412,,,,10097.799189694391,,
2026-08-01 00:00:00+00:00,,,5716.252225995842,,,,,,,,,,4528.188711259171,,,,,,5556.381916472486,9435.4320994068,,,,36722.29188332918,,,,,,,,4282.005347210741,8528.195894284316,,4110.781583321775,,,26667.429675194016,,,,,,,,,,,,,,,,,,,,,4828.5902341084075,,,,,,,5772.771779147986,,,,,,,,,,,,5476.957402053728,,,,,,,,,,,,,,15089.860474793195,6073.223646407523,,,,5823.001695202126,,,,,6163.339793429547,,,,,,,,,5473.850175252189,,,4413.730517430912,,,11787.491457216403,,,,9811.859418670543,,
