date,AAVE,ACH,ADA,AERO,ALGO,AMP,ANKR,APE,ARB,ATOM,AVAX,BAND,BARD,BCH,BNT,BONK,BTC,CGLD,COMP,CRO,CRV,DASH,DESO,DOGE,DOT,ENJ,EOS,ETC,ETH,FET,FIDA,FIL,GALA,GRT,HBAR,ICP,INJ,JASMY,KNC,LAYER,LINEA,LINK,LRC,LTC,MANA,MATIC,MEDIA,MKR,MOODENG,NEAR,NMR,NU,OGN,OMG,ONDO,OPTIM,OXT,PENGU,PEPE,QNT,RED,REN,REP,REQ,RNDR,RPL,RSC,SEI,SHIB,SKL,SNX,SOL,STORJ,STX,SUI,SUSHI,SYLO,TIA,TRIBE,TRUMP,UNI,VGX,WIF,WLUNA,XCN,XLM,XRP,XTZ,YFI,ZEC,ZK,ZRX
2017-03-19 00:00:00+00:00,,,,,,,,,,,,,,,,,2252.630765439958,,,,,,,,,,,,,,,,,,,,,,,,,,,,,,,,,,,,,,,,,,,,,,,,,,,,,,,,,,,,,,,,,,,,,,,,,,,
2017-04-01 00:00:00+00:00,,,,,,,,,,,,,,,,,2397.7029367182813,,,,,,,,,,,,,,,,,,,,,,,,,,,,,,,,,,,,,,,,,,,,,,,,,,,,,,,,,,,,,,,,,,,,,,,,,,,
2017-05-01 00:00:00+00:00,,,,,,,,,,,,,,,,,2625.98351917497,,,,,,,,,,,,,,,,,,,,,,,,,,,,,,,,,,,,,,,,,,,,,,,,,,,,,,,,,,,,,,,,,,,,,,,,,,,
2017-06-01 00:00:00+00:00,,,,,,,,,,,,,,,,,3328.582940756013,,,,,,,,,,,,,,,,,,,,,,,,,,,,,,,,,,,,,,,,,,,,,,,,,,,,,,,,,,,,,,,,,,,,,,,,,,,
2017-07-01 00:00:00+00:00,,,,,,,,,,,,,,,,,4117.093889771118,,,,,,,,,,,,,,,,,,,,,,,,,,,,,,,,,,,,,,,,,,,,,,,,,,,,,,,,,,,,,,,,,,,,,,,,,,,
2017-08-01 00:00:00+00:00,,,,,,,,,,,,,,,,,4704.5999765359875,,,,,,,,,,,,,,,,,,,,,,,,,,,,,,,,,,,,,,,,,,,,,,,,,,,,,,,,,,,,,,,,,,,,,,,,,,,
2017-09-01 00:00:00+00:00,,,,,,,,,,,,,,,,,5574.203814148938,,,,,,,,,,,,6428.055336636173,,,,,,,,,,,,,,,3215.810551640629,,,,,,,,,,,,,,,,,,,,,,,,,,,,,,,,,,,,,,,,,,,,,,,,
2017-10-01 00:00:00+00:00,,,,,,,,,,,,,,,,,6294.449688884252,,,,,,,,,,,,6967.169562757566,,,,,,,,,,,,,,,4324.663917535521,,,,,,,,,,,,,,,,,,,,,,,,,,,,,,,,,,,,,,,,,,,,,,,,
2017-11-01 00:00:00+00:00,,,,,,,,,,,,,,,,,7171.569832097451,,,,,,,,,,,,7432.984526568884,,,,,,,,,,,,,,,4727.413296814856,,,,,,,,,,,,,,,,,,,,,,,,,,,,,,,,,,,,,,,,,,,,,,,,
2017-12-01 00:00:00+00:00,,,,,,,,,,,,,,,,,8466.857750480664,,,,,,,,,,,,7703.031208851044,,,,,,,,,,,,,,,5170.319810755943,,,,,,,,,,,,,,,,,,,,,,,,,,,,,,,,,,,,,,,,,,,,,,,,
2018-01-01 00:00:00+00:00,,,,,,,,,,,,,,,,,11266.153580517555,,,,,,,,,,,,8545.721215656451,,,,,,,,,,,,,,,7506.843034104885,,,,,,,,,,,,,,,,,,,,,,,,,,,,,,,,,,,,,,,,,,,,,,,,
2018-02-01 00:00:00+00:00,,,,,,,,,,,,,,,,,13106.307165295148,,,,,,,,,,,,10055.459036510332,,,,,,,,,,,,,,,8840.567324837086,,,,,,,,,,,,,,,,,,,,,,,,,,,,,,,,,,,,,,,,,,,,,,,,
2018-03-01 00:00:00+00:00,,,,,,,,,,,,,,,,,14455.823324326278,,,,,,,,,,,,10966.371557729568,,,,,,,,,,,,,,,9993.055722523713,,,,,,,,,,,,,,,,,,,,,,,,,,,,,,,,,,,,,,,,,,,,,,,,
2018-04-01 00:00:00+00:00,,,,,,,,,,,,,,,,,15384.729243159378,,,,,,,,,,,,11133.028520982274,,,,,,,,,,,,,,,10158.273154523164,,,,,,,,,,,,,,,,,,,,,,,,,,,,,,,,,,,,,,,,,,,,,,,,
2018-05-01 00:00:00+00:00,,,,,,,,,,,,,,,,,15786.15936929195,,,,,,,,,,,,11597.711971647484,,,,,,,,,,,,,,,10511.94183992246,,,,,,,,,,,,,,,,,,,,,,,,,,,,,,,,,,,,,,,,,,,,,,,,
2018-06-01 00:00:00+00:00,,,,,,,,,,,,,,,,,14828.90563592207,,,,,,,,,,,,11636.183856353384,,,,,,,,,,,,,,,10206.637248948913,,,,,,,,,,,,,,,,,,,,,,,,,,,,,,,,,,,,,,,,,,,,,,,,
2018-07-01 00:00:00+00:00,,,,,,,,,,,,,,4809.753393591279,,,12244.091729947317,,,,,,,,,,,,10304.332591732986,,,,,,,,,,,,,,,7716.454217889577,,,,,,,,,,,,,,,,,,,,,,,,,,,,,,,,,,,,,,,,,,,,,,,,
2018-08-01 00:00:00+00:00,,,,,,,,,,,,,,4333.281073445276,,,10733.721066723017,,,,,,,,,,,,8243.572432717607,,,,,,,,,,,,,,,6525.1858923877035,,,,,,,,,,,,,,,,,,,,,,,,,,,,,,,,,,,,,,,,,,,,,,,,
2018-09-01 00:00:00+00:00,,,,,,,,,,,,,,4041.4604752994264,,,9284.805383390001,,,,,,,,,,,,7225.288086529607,,,,,,,,,,,,,,,5070.244524674194,,,,,,,,,,,,,,,,,,,,,,,,,,,,,,,,,,,,,,,,,,,,,,,,
2018-10-01 00:00:00+00:00,,,,,,,,,,,,,,4009.887691611436,,,8222.81694427572,,,,,,,,,,,,6948.8042251207835,,,,,,,,,,,,,,,4364.532894325933,,,,,,,,,,,,,,,,,,,,,,,,,,,,,,,,,,,,,,,,,,,,,,,,
2018-11-01 00:00:00+00:00,,,,,,,,,,,,,,3514.2381121049707,,,7493.7036113001805,,,,,,,,,,,,6161.033276560654,,,,,,,,,,,,,,,3659.9057044533697,,,,,,,,,,,,,,,,,,,,,,,,,,,,,,,,,,,,,,,,,,,,,,,,
2018-12-01 00:00:00+00:00,,,,,,,,,,,,,,,,,7821.921889880418,,,,,,,,,,,,5848.355702637341,,,,,,,,,,,,,,,3357.6343647670415,,,,,,,,,,,,,,,,,,,,,,,,,,,,,,,,,,,,,,,,,,,,,,,,
2019-01-01 00:00:00+00:00,,,,,,,,,,,,,,,,,8006.017813943269,,,,,,,,,,,,5740.346060853993,,,,,,,,,,,,,,,3207.5489018584058,,,,,,,,,,,,,,,,,,,,,,,,,,,,,,,,,,,,,,,,,,,,,,,,
2019-02-01 00:00:00+00:00,,,,,,,,,,,,,,,,,7602.691308641293,,,,,,,,,,,,5286.040436863524,,,,,,,,,,,,,,,3011.7116158039844,,,,,,,,,,,,,,,,,,,,,,,,,,,,,,,,,,,,,,,,,,,,,,,,
2019-03-01 00:00:00+00:00,,,,,,,,,,,,,,,,,7220.469901062892,,,,,,,,,,,1128.9122513276034,4907.969967876388,,,,,,,,,,,,,,,2989.3054659779973,,,,,,,,,,,,,,,,,,,,,,,,,,,,,,,,,,,,,,,,,,,,,,,,
2019-04-01 00:00:00+00:00,,,,,,,,,,,,,,,,,6795.424246009705,,,,,,,,,,,931.0076328433784,4439.165929615728,,,,,,,,,,,,,,,2944.0712327874785,,,,,,,,,,,,,,,,,,,,,,,,,,,,,,,,,,,,,,,,,,,,,,,,
2019-05-01 00:00:00+00:00,,,,,,,,,,,,,,,,,6969.768569985244,,,,,,,,,,,991.1837702974107,4504.5493835715815,,,,,,,,,,,,,,,3293.1519248670043,,,,,,,,,,,,,,,,,,,,,,,,,,,,,,,,,,,,,,,,,,,,,,,,983.7538722511241
2019-06-01 00:00:00+00:00,,,,,,,,,,,,,,3323.8635155055326,,,7467.748121537682,,,,,,,,,,,1076.8877908466154,4834.240117650681,,,,,,,,,,,,,,,3750.4743717013534,,,,,,,,,,,,,,,,,,,,,,,,,,,,,,,,,,,,,,,,,,,,,,,,919.9331710592526
2019-07-01 00:00:00+00:00,,,,,,,,,,,,,,3594.9798636271244,,,8476.266965923685,,,,,,,,,,,1163.141444961767,5059.286620363524,,,,,,,,,,,,,,,4369.345795434851,,,,,,,,,,,,,,,,,,,,,,,,,,,,,,,,,,,,,,,,,,,,,,,,904.6573518016019
2019-08-01 00:00:00+00:00,,,,,,,,,,,,,,4001.840641578595,,,10182.593762223954,,,,,,,,,,,1258.2513938391828,5399.250893910793,,,,,,,,,,,,,,,4901.801507266905,,,,,,,,,,,,,,,,,,,,,,,,,,,,,,,,,,,,,,,,,,,,,,,,920.1984328322179
2019-09-01 00:00:00+00:00,,,,,,,,,,,,,,4162.679775107537,,,11350.34806092014,,,,,,,,,,,1385.6242675321648,5441.537499096675,,,,,,,,,,,,,,,4977.313576898418,,,,,,,,,,,,,,,,,,,,,,,,,,,,,,,,,,,,,,,,,,,2861.5042866796807,,,,,939.0973667793394
2019-10-01 00:00:00+00:00,,,,,,,,,,,,,,4144.923388554187,,,12162.182173401236,,,,,,,,,,,1444.7735238063951,5551.992583605364,,,,,,,,,,,,,,,4889.951898445075,,,,,,,,,,,,,,,,,,,,,,,,,,,,,,,,,,,,,,,,,,1403.7922503505922,3035.071733379934,,,,,939.414193295833
2019-11-01 00:00:00+00:00,,,,,,,,,,,,,,3808.8089415314585,,,12544.472774920383,,,,,,,,,,1359.6233498370984,1364.1816322755005,5490.345766388509,,,,,,,,,,,,,,,4670.1399425938425,,,,,,,,,,,,,,,,,,,646.9454431373737,,,,,,,,,,,,,,,,,,,,,,,1400.0755265242506,3181.7776008138103,,,,,1024.4076360265676
2019-12-01 00:00:00+00:00,,,,,,,,,,,,,,3218.8981663087943,,,11926.871778801167,,,,,,,,,,1299.8118631399657,1192.9314375982092,4766.563808845066,,,,,,,,,,,,,,,4133.384839763129,,,,,,,,,,,,,,,,,,,656.6726474783762,,,,,,,,,,,,,,,,,,,,,,,1379.8902466290467,3023.0379930779177,,,,,993.6773231772771
2020-01-01 00:00:00+00:00,,,,,,,,,,,,,,2697.907031192997,,,10543.939931509087,,,,,,,,,,,,,,,,,,,,,,,,,2311.2394100963907,,3261.3023317290026,,,,,,,,,,,,,,,,,,,600.6568291002976,,,,,,,,,,,,,,,,,,,,,,,1248.6166181908611,,,,,,
2020-02-01 00:00:00+00:00,,,,,,,,,,,,,,2697.6931952421864,,,9613.688905541174,,,,,,,,,,,,,,,,,,,,,,,,,2125.795497382021,,2862.3638552551074,,,,,,,,,,,,,,,,,,,650.6948642393132,,,,,,,,,,,,,,,,,,,,,,,1255.4009058856086,,,,,,
2020-03-01 00:00:00+00:00,,,,,825.1932596532265,,,,,,,,,2909.996092724655,,,9370.85341612546,,,,,,,,,,,,,,,,,,,,,,,,,2385.5471876585466,,2947.32904495926,,,,,,,,,,,,,,,,,,,706.9078500860372,,,,,,,,,,,,,,,,,,,,,,,1387.6909521517005,,,,,,
2020-04-01 00:00:00+00:00,,,,,931.6113977256502,,,,,,,,,3279.559247760666,,,10618.522258651868,,,,,,,,,,,,,,,,,,,,,,,,,2920.8288892034147,,3195.2028837197545,,,,,,,,,,,,,,,,,,,780.803822899359,,,,,,,,,,,,,,,,,,,,,,,1425.1885114095728,,,,,,
2020-05-01 00:00:00+00:00,,,,,978.2127684367061,,,,,,,,,3451.34972143073,,,10909.652449613264,,,,,,,,,,,,,,,,,,,,,,,,,3135.5683318485726,,3227.2837738354474,,,,,,,,,,,,,,,,,,,812.4771436228818,,,,,,,,,,,,,,,,,,,,,,,1521.48842925096,,,,,,
2020-06-01 00:00:00+00:00,,,,,1040.6781113408965,,,,,,,,,3510.0557966958863,,,11627.825475164307,,,,,,,,,,,,,,,,,,,,,,,,,3318.246673581815,,3209.2057572366625,,,,,,,,,,,,,,,,,,,862.0048002939586,,,,,,,,,,,,,,,,,,,,,,,1574.2979031371979,,,,,,
2020-07-01 00:00:00+00:00,,,,,1083.6799454420725,,,,,,,,,3595.8691297545665,,,12061.214181763859,,,,,1174.5767282689178,,,,,1357.2377502564314,1779.8916927450312,5975.860041758834,,,,,,,,,,,,,3602.220364854666,,3264.7660144792285,,,,,,,,,,,,,1417.4613160449221,,,,,,1000.4410387702758,,,,,,,,,,,,,,,,,,,,,,,1731.8508343052551,3352.198703460329,2885.1185643286462,,,,1425.1120321203346
2020-08-01 00:00:00+00:00,,,,,1373.1096905876132,,,,,1098.1788839338278,,,,3316.0993750585085,,,12159.804392833956,,,,,985.1832570850272,,,,,1322.274765470125,1573.8962173460604,6362.777635033685,,,,,,,,,,,,,4271.73142663108,,3190.8974112499814,,,,,,,,,,,,,1409.1415463205474,,,,,,1078.9170120939975,,,,,,,,,,,,,,,,,,,,,,,1982.6750060619897,3423.120507827265,3192.487637691724,,,,1608.9272843435222
2020-09-01 00:00:00+00:00,,,,,1837.3701089678339,,,,,1351.9079536265644,,,,3184.987312955654,,,12584.95544371035,,,,,981.5890670622363,,,,,1361.092865747588,1552.2243380664993,6826.722358080991,,,,,,,,,,2503.3479108317997,,,5308.113036760835,,3159.232877695708,,,,,,,,,,,,,2006.4969612256803,,,,,,1255.47732833025,,,,,,,,,,,,,,,,,,,,,,,2142.5158845994583,3658.6626125060156,3266.1050664681466,,,,1913.2668011692945
2020-10-01 00:00:00+00:00,,,,,,,,,,1487.0150291402385,,,,2814.269598837007,,,11554.283197338775,,,,,,,,,,1337.5770705079408,1455.8174762388926,6819.014366269522,,,,,,,,,,,,,,,2888.5982701208504,,,,,,,,,,,,,2292.014444720982,,,,,,1265.7778262986544,,,,,,,,,,,,,,,,,,,,,,,2202.624890731725,,,,,,2032.1876950217977
2020-11-01 00:00:00+00:00,,,,,,,,,,1617.5592101637155,,,,2613.4441600556133,,,11503.630325008578,,,,,,,,,,1299.879988746568,1355.11084129407,6784.626591835628,,,,,,,,,,,,,,,2847.138109008269,,,,,,,,,,,,,2331.5772713430497,,,,,,1257.0811565249196,,,,,,,,,,,,,,,,,,,,,,,2163.7752057015714,,,,,,2092.556211762388
2020-12-01 00:00:00+00:00,,,,,,,,,,1784.3506276597182,,,,2777.5500086912452,,,12093.78397491177,,,,,,,,,,1404.7874468444538,1342.6565431886486,7543.944932156179,,,,,,,,,,,,,,,3342.3780633390406,,,,,,,,,,2593.097240712217,,,2429.3041002952996,,,,,,1212.7591009330076,,,,,,,,,,,,,,,,,,,,,,,2765.337965851471,,,,,,1849.0238188985602
2021-01-01 00:00:00+00:00,,,,,,,,,,1931.7437658534623,,,,3256.4787490601225,,,14043.647077809826,,,,,,,,,,1551.8016422863634,,,,,,,,,,,,,,,,,4342.577883015083,,,,1165.2758030925927,,,,,,2746.045415615073,,,2653.114336591311,,,,,,1183.8726050276305,,,,,,,,,,,,,,,,,,,,,,,3487.4192073622576,,,,,,1831.1184834099497
2021-02-01 00:00:00+00:00,,,,,,,,,,2269.9750653021156,,,,4138.287967036622,,,18521.852824182446,,,,,,,,,,2071.0365557877617,,,,,,,,,,,,,,,,,5683.994125257862,,,,1753.4998080500602,,,,,,3174.2486601166597,,,2899.322461794016,,,,,,1189.5472143563914,,,,,,,,,,,,,,,,,,,,,,,4875.02715043359,,,,,,2183.2633175195806
2021-03-01 00:00:00+00:00,,,,,,,,,,3003.058172703951,,2623.5500562180187,,5039.647817854352,,,22345.792160384502,,,,,,,,,,2689.7928649989103,,,,,,,,,,,,,,,,,6986.765906516956,,,,2267.003139231234,,,1599.3044543906367,,,3160.200412188583,,,2945.9121910107033,,,,,,1286.5360993273819,,,,,,,,,,,,,,,,,,,,,,,6428.604995595112,,,,,,2948.7398098131125
2021-04-01 00:00:00+00:00,,,,,4812.000674324417,,,,,3565.03157555942,,2672.6696045847893,,5492.343793284992,,,25935.06292698665,2390.3081421556285,2991.7683770993267,,,2395.8555974662727,,,,,2941.5443915481646,,,,,,,,,,,,2311.4588281753413,,,,3025.0941703505987,7953.5751651990395,,,,2567.940319660756,,,,,,3202.607363564635,,,3210.759623968179,,,,,,,,,,,,,,,,,,,,,,,,6126.262939640493,,,,,7428.336342037011,,3458.914026957834,5655.9928556214345,,,3386.4502044778988
2021-05-01 00:00:00+00:00,,,,,5713.236283169019,,,,,4244.450303974664,,3067.8558217171135,,6577.763569358788,,,29579.273716878823,2776.0158034875994,3523.6143023935956,,,2877.1440767159133,,,,,3744.3620274432315,,,,,,,,,,,,,,,,3374.606979853409,9579.081532728354,,,,3317.2876323467067,,,,,,3718.863305695861,,,3653.4504524804584,,,,,3599.802251079217,,,,,,,,,,,,,,,,,,,7053.569387868234,,,,,9054.466552979527,,3990.2486838759396,5911.449538831942,,,4078.894962944262
2021-06-01 00:00:00+00:00,,,,,6553.3521007458585,,,,,5052.609386751842,,3371.38361780686,,8123.870669046786,,,32924.81368547709,3216.077113786768,4112.346323372915,,,3357.130844269486,,,,,5235.6524881304595,,,,,,,,,,,,,,,,3811.4672932786925,11237.630815819897,,,,4453.5000413682665,,,,,,4397.464702089175,,,3922.2472534603785,,,,,3930.474238810042,,,,,,,,,,,,,,,,,,,7600.229724930926,,,,,10519.614804032366,,4491.777898867549,5844.885644938979,,,4638.051714278063
2021-07-01 00:00:00+00:00,6223.287149722457,,,,6937.773339553441,,,,,5372.955065834892,,,,8212.411240788422,,,33966.59209525089,,4094.241829242625,,,,,,,,5522.1771891328035,7320.123418423158,28464.579899507433,,,6280.869083797184,,,,,,,,,,11077.246633061064,,11044.608705727785,,,,4843.578792238421,,,,4315.966300089136,,4462.173754654289,,,,,,,,,,,,,,,,,4167.609482844041,,,,,,,,,,7797.046201127674,,,,,10569.647636471651,,4606.718845867312,,,,4782.5616005857355
2021-08-01 00:00:00+00:00,5940.461134970002,,,,6639.025720210216,,,,,5287.020175850789,,,,7487.751790970426,,,30902.40336971487,,4225.398880818998,,,,,,,,5418.482006523971,7540.932760497193,26807.730580456577,,,6291.122486367157,,,,,,,,,,10003.488276394992,,9904.9063813022,,,,4454.562295603126,,,,3987.173893664324,,4144.356406424421,,,,,,,,,,,,,,,,,4044.1910487287782,,,,,,,,,,6635.589897535743,,,,,9478.152879545944,,4165.164687082963,,,,4426.053652392271
2021-09-01 00:00:00+00:00,5387.514201012642,,,,5729.44164036296,,,,,4915.576617804898,,,,,,,28898.220222430624,,4020.0484770854505,,,2500.467548984876,,,,,5209.1426234571845,,,,,6047.888972110253,,,,,,,2544.172390215927,,,9620.50085259567,2901.899646940401,,,,,4209.129344883342,,,,3203.634507176807,,,,,,,,,,2838.115337157102,,,,,,,,,3834.7517433100297,,,,,,,,,,5659.838132345197,,,,,8313.302109105338,,3968.9593821624376,,2628.9613332222852,,3269.3899975466115
2021-10-01 00:00:00+00:00,5390.190021619547,,,,,,4483.001905713799,,,6003.822796132799,,,,,,,,,4098.9215396059135,,3137.3058688021024,2407.8041270905296,,,,,5443.964801059967,,,,,5984.470737997218,,,,,,,,,,10124.23958206381,2830.580052672572,,,,,4304.054803934368,,,,,,,,,,,,,,2799.5340017861104,,,,,,,,3591.3340263674468,3925.588394079031,,3051.1240416013043,,,4411.902821690939,,,,,5552.708748843852,,,,,8205.160075179348,,,,2562.422055937738,,3082.153754181339
2021-11-01 00:00:00+00:00,5113.321866231055,,,,,,3926.787280005966,,,6556.38346084087,,,,,,,,,3856.3818343273724,,3338.027986696017,,,,,2876.6043272807233,5122.0612894301685,,,,,5586.260794937823,,,,,,,,,,9881.31147039399,2821.2875666422347,,3650.5412516259903,,,3659.339104542368,,,,,,,,,,,,,,2718.241918976748,,,,,,,,3438.09712519104,3781.774792811384,,2784.75893850714,,,4323.483903838528,,,,,5268.868397210667,,,,,7637.574549049892,,,,,,2804.228183665352
2021-12-01 00:00:00+00:00,4184.058291318096,,,,,,3921.0929741111163,,,6731.817298566838,,,,,,,,,3494.462728439855,,3474.8561072871125,,,9357.236239007043,,3456.7515527008836,3899.266696680342,,,,,5005.981983295686,,,,6898.18637884826,,,,,,9004.684787119915,4779.53638767172,,6008.434966330421,,,2976.558273221289,,,,,,,,,,,,,,,,,,,,,,3213.860491372586,3339.3827807920484,,2818.3110014032027,,,3888.6968251569124,,,,,4604.3483950599875,,,,,6587.55785330336,,,,,,
2022-01-01 00:00:00+00:00,4197.234236064864,,,,,5262.108485033146,3937.1229232586356,,,7496.456948161502,,,,,,,,,,,3899.1583463367915,,,9187.403238693849,8710.702721428388,3814.949097861228,3884.8374726026004,,,,,5222.334601429428,,4895.5232292267665,,6443.828056519709,,,,,,9113.53209182458,5916.419221056624,,7503.417430870015,,,,,,,,,,,,,,,4022.7908624980514,,,,,,,,,,,,15521.346899407727,,,,4260.747889660129,,,,,4697.041307363638,,,,,6600.351612923996,,,,,,
2022-02-01 00:00:00+00:00,4133.597776368753,6223.866918663015,14161.987945324101,,,4945.083693910606,,,,8744.626560049306,,,,,,,,,,,4526.761080408233,,,9468.561843573332,9218.877174377261,3952.084480250985,,,,,,5369.48676590601,,4860.624552812227,,6761.8211736073,,,,,,9721.974543016813,6767.089924250112,,8331.777482587768,,,,,,,,,,,,,,,4151.233298980825,,,,,,,,,,,,17170.436312107562,,,,4386.626470492106,,,,,4700.048760461328,,,,,6695.841467739647,,,,,,
2022-03-01 00:00:00+00:00,,4514.039210128743,13160.52327937527,,,4357.811092267407,,,,8992.046922807654,,,,,,,,,,,4714.919410612165,,,8590.217919589675,8983.368678117622,,,,,,,5025.434152399475,,4444.025014211445,,6189.172695957706,,,,,,9553.433219848657,6911.212860737195,7943.553629472801,9122.28493744154,,,,,,,,,4466.06590152699,,,,,,,,,,,,,,,,,,17016.108429552398,,,,4133.476275270351,,,,,4502.474033655776,,,5012.716961892538,,6355.118612585658,,,,,,
2022-04-01 00:00:00+00:00,,,11694.111694298857,,6407.134755162338,,,,,8132.9200137121215,9969.376301977243,,,,,,27732.700212974472,,,,4523.515763960041,,,8042.064154968587,7985.518137015801,,,,,,,4433.3988354608155,,,,5698.51620880758,,,,,,8585.725284970427,7282.464369905236,7265.1562302156735,9701.63853368626,10262.862424141678,,,,,,,,,,,,,,,,,,,,,,,17695.97866317509,,,14680.26854919245,,,,,,,,,,,,5470.63057761639,,5942.3801835809345,,4528.473381976592,,,,
2022-05-01 00:00:00+00:00,,,10606.622281242642,,5713.183887123222,,,,,7541.389557639415,10413.919935285352,,,,,,26707.865489581334,,,,4197.7486931954145,,,7250.167710937543,6885.756466193031,,,,24930.48132330549,,,,,,,5158.565150232244,,8896.181138416374,,,,7821.45146896907,7321.64667599544,6624.427014980523,9059.751152872106,9506.835925263209,,,,,,,,,,,,,,,,,,,,,,,12534.615930688908,,,13688.719980302792,,,,,,,,,,,,5757.353241110349,,5345.326350556589,,,,,,
2022-06-01 00:00:00+00:00,,,9705.437702569696,,5201.5107742647615,,,,,7181.760683749196,10219.900353165116,,,,,,26840.721996261134,,,4390.893942794932,,,,6584.84308390146,5844.892745249887,,,,24074.04628029541,,,,6843.2192084073595,,,4636.645431590745,,7611.223233941733,,,,7242.7509274505965,5096.876786063999,5598.218771812046,6298.367700586144,8906.766657031183,,,,,,,,,,,,,,,,,,,,,,,9994.040232513813,,,12899.257992702236,,,,,,,,,,,,,,4711.211735220332,,,,,,
2022-07-01 00:00:00+00:00,3512.362102226813,,9534.487408865672,,4802.275668637625,,,,,6692.23874005245,9612.349715881139,,,,,,26524.535664628394,,,,,,,6355.622608515336,5096.599943222247,,,,23308.264928198438,,,,6065.671333145982,,,4449.772299183039,,6325.767118784252,,,,6979.955050584013,4377.557757404811,5228.307099377179,5340.1797505822915,7437.927847288991,,,,,,,,,,,,,,,,,,,,,,,9153.768669076304,,,12390.402948449933,,,,,,,,,,,,,,4302.841478208487,,,,,,
2022-08-01 00:00:00+00:00,3436.597538812701,,8691.776470344093,,4163.387730548545,,,,,5493.975415963939,8894.53313624081,,,,,,25392.678023515477,,,,,,,5706.78509384078,4431.863250877631,,,,22599.666019769193,,,,5480.514979796492,,,3802.917753897365,,5286.633733631321,,,,5981.735495832739,3676.548737771709,4827.869842044431,4474.676068237908,6893.676458575342,,,,,,,,,,,,,,,,,,,,,,,8285.776933981544,,,11586.79648416737,,,,,,,,,,,,,,3829.8178786104368,,,,,,
2022-09-01 00:00:00+00:00,3350.4230158915943,,8060.701793973665,,3762.1521151373095,,,,,4832.784172595729,7757.288548808901,,,,,,24838.43528545494,,,,,,,5445.189744751589,4109.334190069406,,,,23051.59221062868,,,,4506.644376867797,,,3375.7301275563364,,4838.866736649441,,,,5440.02513513011,3183.50059658346,4478.89431341472,3644.0950650274613,6295.805016153926,,,,,,,,,,,,,,,,,,,,,,,7480.089546747341,,,10933.098705464003,,,,,,,,,,,,,,3515.980824423743,,,,,,
2022-10-01 00:00:00+00:00,3042.793400787413,,7472.445944873868,,3494.1410110282322,,,5129.047713901098,,4483.14420757121,6516.674100725022,,,,,,24368.93362822891,,,,,,,5101.071720416527,3786.8450356244966,,,,22921.339946201893,,,,3667.6968675698554,,,2896.7882740927153,,3809.4042840817187,,,,5228.025010744821,,4252.751018882425,3102.8159624625214,5997.034662802601,,,,,,,,,,,,,,,,,,,,,,,6784.766093501553,,,9992.572996361372,,,,,,,,,,,,,,3338.912739856087,,,,,,
2022-11-01 00:00:00+00:00,2763.7697888363355,,6938.723799124564,,3182.5594357568225,,,3908.6761102065293,,4114.762677398909,5344.516366095441,,,,,,23717.954905059898,,,,,,,4829.593033757211,3403.3489214553374,,,2602.525192700987,22236.90812699606,,,,3118.0551301322507,,,,,2720.5505188353495,,,,4948.017023762443,,3939.5301395074816,2705.3969169430184,5745.606382146157,,,,,,,,,,,,,,,,,,,,,,,6094.967550481808,,,8755.932501547173,,,,,,,,,,,,,,3148.115356980335,,,,,,
2022-12-01 00:00:00+00:00,2609.260264977901,,6426.549318411558,,3101.10714461738,,,3168.50073867373,,3878.6297610995043,4526.4334175311615,,,,,,23324.263924748222,,,,,,,5458.549105225693,3159.963767728025,,,2535.9553969327426,22556.6420550187,,,2345.5762612506182,2922.2450846723605,,,,,,,,,4852.908355158741,,3991.1050952538476,,6124.352614139537,,,,,,,,,,,,,,,,,,,,,,,5643.460384673389,,,8421.074039406347,,,,,,,,,2736.8507011051847,,,,,2997.429651274393,,,,,,
2023-01-01 00:00:00+00:00,2297.4539833191975,,5573.660361713415,,2954.621701574446,,,2696.0222386020355,,3513.629576518089,3851.8578929486225,,,,,,22507.75139172992,,,,,,,5556.406217965829,2837.4799907864835,,,2494.125325710626,,,,2393.8586176681056,2704.844986597593,,,2074.2981777353057,,2004.5623418958085,,,,4431.072001115324,,3919.4238582592625,,5963.052330832851,,,,,,,,,,,,,,2252.911551783803,,,,,,,,,,,,7736.5050537625275,,,,,,,,,2648.21192866048,,,,,,,,,,,
2023-02-01 00:00:00+00:00,2278.97974109085,,5230.300072022474,,2924.6399958072193,,,2454.541550810893,,3396.365043396692,3737.283412362301,,,,,,22952.270719067903,,,,,,,5916.439843816552,2683.860297521573,,,2199.288875490988,,,,2390.4769146958783,3121.8635871345996,,,1936.450797867438,,,,,,4405.519094029392,,4046.8740680613623,1979.2009249642442,5593.3337655420755,,,,,,,,,,,,,,2207.345601085442,,,,,,,,,,,,7956.655955775361,,,,,,,,,2459.9787587293104,,,,,,,,,,,
2023-03-01 00:00:00+00:00,2333.874611097166,,4988.44582429595,,3028.0905026062783,,,2312.1988164185395,,3312.5254697657965,3616.4370549658834,,,,,,22345.328717195593,,,,,,,6060.745470301357,2616.9950880539877,,,,,,,2485.127503851536,3225.381846924423,,,2012.0801038024917,,1927.389141311403,,,,4376.8173063625945,,4156.41632205263,2020.9972987166516,5908.823418090843,,,,,,,,,,,,,,2170.587513207183,,,,,,,,,,,,7566.553641759269,,,,,,,,,2348.8235273324635,,,,,,,,,,,
2023-04-01 00:00:00+00:00,2270.3216255278085,,4815.800542434759,,2925.3067686024565,,,2107.4152116310934,,3109.289063815183,3574.398638483443,,,,,,22373.452265470733,,,,,,,6208.286726589921,2555.132298927193,,,,,2097.4924733296875,,2600.0956228063283,3405.4341349751617,,,2074.2826147782216,,,,,,4176.226708543936,,4278.954497906911,,6127.204185368223,,,,,,,,,,2131.1196541425566,,,,2044.4492769601527,,,,,,,,,,,,7527.1412951954835,,,,,,,,,2210.394041194685,,,,,,,,,,,
2023-05-01 00:00:00+00:00,2223.1395238999594,,4673.547475336352,,2812.2705038957693,,,2039.5253911724942,,2995.4158113349313,3593.6555317572306,,,,,,22044.444194443236,,,,,,,6176.478336362261,2537.1667027764997,,,,,2393.2808296010217,,2614.514765414911,3426.097446530438,,,2156.6005497668484,,,,,,4090.5292385331522,,4492.084573374074,2001.5976110047256,6092.0223019812,,,,,,,,,,2306.705557920213,,,,,,,,,,,,,,,,7307.166271186264,,,,,,,,,2061.86357292216,,,,,,,,,,,
2023-06-01 00:00:00+00:00,2061.55722919905,2073.5704714731155,4376.282018480103,,2438.523390578751,,,,,2755.7624550494543,3422.952434892121,,,,,,20501.075665928263,,,,,,,5334.51375117094,2346.997858993046,,,,,2574.1276893618806,,2483.5478438432997,,,,2084.321008099938,,1902.6561890786159,,,,3579.581299924717,,4297.7027735469665,1926.1847865483464,5254.862702928076,,,,,,,,,,2368.1360657580467,,,,,,,,,2186.889375994522,,,,,,,6747.6163135640945,,,,,,,,,,,,,,,,,,,,
2023-07-01 00:00:00+00:00,,,4298.486735543421,,2288.298552302675,,,,,2694.7234067667314,3427.2721743197085,,,2176.4671361716582,,,20419.25728892982,,,,,,,5024.890656961109,2319.7184293077185,,,,16545.34027638014,2586.348138542177,,2417.8898857771183,,2326.3374501450517,,,,,,,,3482.923429214001,,4372.300222047642,,5093.939698632802,,,,,,,,,,2642.686977177363,,,,,,,,,2502.955470835331,,,,4070.0750776286723,,,6536.572960796332,,,,,,,,,,,,,,2534.912297273942,,,,,,
2023-08-01 00:00:00+00:00,,,3846.520299612645,,2101.2480550774726,,,,,2377.0660082175596,2945.7412867131507,,,2587.959197600868,,,18737.24172565952,,,,,,,4830.603730316749,2143.183064372544,,,,14744.203463654241,2292.581063117244,,2204.5369503608385,,2306.2488756845655,,,,,,,,3288.570634884437,,4408.393845090873,,4530.409967738339,,,,,,,,,,2708.121290791735,,,,,,,,,2527.0733367244516,,,,3658.5411722071844,,,5584.286025043409,,,,,,,,,,,,,,2784.706386702582,,,,,,
2023-09-01 00:00:00+00:00,,,3434.6883897624034,,,,,,,2088.161732441593,2536.877014932269,,,2678.5286012881206,,,18478.494180873047,,,,,,,4512.871473337942,1876.3258821614095,,,,13913.33253167382,1807.371911311634,,,,1817.4269469426217,,,,,,,,3046.1751170161237,,4317.45578003497,,3675.095675724987,,1834.2699853794154,,,,,,,,2459.75369932444,,,,,,,,,2253.1537004146967,,,,3315.7370302263444,,,5280.398650388923,,1804.5392459944726,,,,,,,,,,,,2819.938393579046,,,,,,
2023-10-01 00:00:00+00:00,,,2963.9122623056082,,1537.4531148682688,,,,2003.3821920232335,1641.942066978388,2191.7404253983564,,,2793.4065466941124,,,17185.191242859586,,,,,,,4194.9838432623155,1610.8569003255293,,,,12412.342170084474,1568.7883667188262,,,,,,,,,,,,3033.030864673063,,4007.3842441943575,,2956.860705552024,,1619.5570531607937,,,,,,,,2203.1723715344788,,,,,,,,,2075.8662435585243,,,,2957.8600796500464,,,4574.460158865206,,,,,,,,,,,,,,2767.4084828275472,,,,,,
2023-11-01 00:00:00+00:00,1543.7250352643866,,2633.470029164882,,,,,,1707.294827004173,1532.7127102376187,2081.0040884634773,,,2996.127280690358,,,17315.889379028373,,,,,,,3720.6783858818085,1538.3303625070737,,,,11866.019163397512,1502.2235104491886,,,,,,,,,,,,3363.9083666474303,,3814.310088685066,,2718.177848101931,,1611.2927382492264,,,,,,,,2077.814408336564,,,,,,,,,1949.497265496401,,,,2824.717793963926,,,4629.394918953342,,,,,,,,,,,,,,2763.403916036257,,,,,,
2023-12-01 00:00:00+00:00,1842.8338759791732,,2770.3460357912413,,,,,,1764.5823167944334,1679.5314600861159,2783.1352074629544,,,3169.480281181983,,,18037.547921548907,,,,,,,4198.866625622909,1698.4216546517896,,,,12170.984558339811,1750.6181842271922,,,,,,,,,,,,4225.948666767043,,3699.131596380874,,3015.4209004993236,,1729.9890950361953,,,,,,,,2153.916688714853,,,,,,,,,2114.970296357371,,,,3113.968605688691,,,5908.412961355874,,,,,,,,,,,,,,2927.9837848376887,,,,,,
2024-01-01 00:00:00+00:00,2107.574456979493,,3200.6672371337513,,,,,,2046.3217303624103,1883.6622370963937,3977.3909423057644,,,2878.0913660970377,,,18749.92881299614,,,,,,,4547.816535657203,2059.21569068799,,,,12715.950210932931,2143.1784461700568,,,,,,,2028.7174996935491,,,,,4840.0222798472805,,3497.6515154101453,,3289.9861406632403,,,,,,,,,,2422.1453009646607,,,,,,,,,2418.988587789407,,,,3482.095864388454,,,7541.219236218815,,,,,,,,,,,,,,2976.9895579528725,,,,,,
2024-02-01 00:00:00+00:00,,,3445.334018937259,,,,,,2604.1839283897675,,4665.819963732107,,,2634.5429548097027,,,20690.144608611576,,,,,,,4503.41045230256,2302.3966616451053,,,,13413.266285943844,2453.8664458836947,,,,,,2259.944579872355,2627.5322960553867,,,,,5203.616144215103,,3276.561363460536,,3368.9160118113446,,,,,,,,,,2734.1379326623014,,,,,,,,,2748.183853102358,,,,3542.5151155127483,,,8773.575296532586,,,,,,,,,,,,,,2752.1997100077206,5660.587022857258,,,,,
2024-03-01 00:00:00+00:00,,,3770.8705681415763,,,,,,2896.3957196607575,,5359.668745803638,,,2770.3638945948683,,,22528.52428373984,,,,,,,4866.8148165173325,,,,,14393.159983909773,2909.033146431628,,,,,,2713.5823648861783,3177.861291926439,,,,,5821.183149896883,,3300.322044178362,,3656.5830150684023,,,,,,,,,,3064.04899440207,,,,,,,,,3343.8287922440622,,,3269.361099446024,3599.0617162435124,,,10105.84180976003,,,,,,,,,,,,,,2779.2243324656447,5733.956840980875,,,,,
2024-04-01 00:00:00+00:00,,,4283.325090629603,,,,,,3300.339598589077,,6644.552922226957,,,3282.8902331963964,,,25790.459041958857,,,,,,,6683.208494571048,,,,,16254.846814910006,4210.331043876786,,,,,,3323.3342476122,3898.225045685492,,,,,6300.83275389436,,3826.1281879558496,,4098.645335794189,,,,,,,,,,3549.044773875921,,,,,,,,,4424.674174901291,,,4082.273260175841,5982.948251760977,,,12363.06873654446,,3198.522661309002,,,,,,,,,,,,,6178.456258436924,,,,,
2024-05-01 00:00:00+00:00,,,4511.737501034878,,,,,,3505.492719118803,,7258.733439853468,,,3666.2053545611316,,,27319.292268035002,,,,,,,7714.407952307492,,,,,17042.966441486937,4973.845037879601,,,,,,3713.903731184849,4309.188712612886,,,,,6173.610637199989,,4111.791705001216,,4184.108396292064,,,,,,,,,,3944.6544782015026,,,,,,,,,4922.426903360463,,,4508.085837152946,6906.997947687512,,,13534.554769976432,,3567.723095823649,,,,,,,,,,,,,6348.0002152823845,,,,,
2024-06-01 00:00:00+00:00,,,4397.179391027758,,,,,,,,6913.785081536295,,,3807.8685913092945,,,27929.348014178147,,,,,,,8013.941541610935,,,,,17320.847514388402,5190.782458385743,,,,,,3897.417866645576,4295.090037942616,,,,,5533.392800676692,,4080.9869555279624,,3720.4309303667324,,,,,,,,,,4183.507701478039,,,,,,,,,5124.795295851364,,,4678.628277853063,7433.770082841103,,,13076.525253156393,,3761.0897063607126,,,,3981.1033070072394,,,,,,,,,5870.751666482408,,,,,
2024-07-01 00:00:00+00:00,,,3991.8376358292,,,,,,,,5895.8819835428385,,,3805.8547820766657,,5990.908968869653,29098.340042551255,,,,,,,8004.746801139221,,,,,17965.895908055714,5157.615190177773,,,,,,,4065.7857280058565,4374.995638749593,,,,5075.136230317171,,4043.104525389583,,,,,,,,,,,,4010.6492061938625,,,,,,,,,5161.0065013165895,,,4261.0429005287915,7564.348010745561,,,12322.883598137005,,3734.230592453539,3685.054486408825,,,,,,,,,,,,5643.08955056104,,,,,
2024-08-01 00:00:00+00:00,,,3835.2938158184033,,,,,,,,5455.8751847013355,,,3757.5973037154445,,6528.50091966199,29208.01548534869,,,,,,,8157.655420089735,,,,,18249.924745112887,5146.482992020964,,,,,,,3744.7847829775724,4972.956396529195,,,,4815.350706331321,,4043.1314818241126,,,,,,3456.006934293648,,,,,4858.097154332922,3608.949591858169,,,,,,,,,5242.668765300732,,,,7949.353050643484,,,12247.766727095956,,3512.31981480156,,,,,,,,,,,,,5790.897237300158,,,,,
2024-09-01 00:00:00+00:00,,,3526.1490578956696,,,,,,,,5099.692561545764,,,3546.7564841136696,,6689.04036206962,29025.901448894278,,,,,,,7995.430503504574,,,,,18302.339950964473,4910.556242892722,,,,,,,3481.4690613586417,4614.210380508607,,,,4434.901879087249,,4016.865503333704,,,,,,3394.155750235581,,,,,4831.031958104645,3219.0684619602753,,,,,,,,,4835.871873511072,,,,7845.490548814241,,,12569.455544344675,,3215.9964894814343,,,,,,,,,,,,,5999.107305560436,,,,,
2024-10-01 00:00:00+00:00,,,3096.1179314769483,,,,,,,,4155.407903139911,,,2804.509928268658,,6140.875111922983,26874.406373231534,,,,,,,6448.764193848514,,,,,17028.5935580057,4381.069593770558,,,,,,,3126.981771152756,4302.529964098654,,,,4050.139312729421,,3494.042688387971,,,,,,3045.6845193410363,,,,,4531.529318667596,,,,,,,,,,4053.977318823096,,,,5543.770893727183,,,11541.964104952593,,2798.517054521707,3503.3698668952984,,,,,,,,,,,,5664.798843717252,,,,,
2024-11-01 00:00:00+00:00,,,2862.6720246787186,,,,,,,,3608.075519460695,,,,,6245.926254823628,25937.65724191354,,,,,,,5890.607679863701,,,,,16501.412071179282,3951.0424939340246,,,,,,,2899.163148677983,4135.256856423752,,,,3987.9025942204053,,3139.530055025547,,,,,,2724.5096918717677,,,,,4003.761363210794,,,,,,,,,,3644.4863266617326,,,2576.342906205254,4981.114866393348,,,11155.449497587224,,,4380.4047314768995,,,2633.8206254234588,,,,,,,,,5499.728025783365,,,,,
2024-12-01 00:00:00+00:00,,,3823.4042035254315,,,,,,,,3968.627538242387,,,,,7085.050318807753,28810.9136157762,,,,,,,8196.665431889362,,,,,17456.999956244505,4093.970566629414,,,,,3409.09985334481,,3194.6902228726035,4116.26403043449,,,,4311.3740729499195,,3590.805028997101,,,,,,,,,,,4081.0882770805374,,,,,,,,,,3406.3316039035376,,,,5686.804520049558,,,11946.053854678343,,,5762.272497873212,,,3021.8700795647137,,,,,,,,3687.7276021050175,7928.992341254148,,,,,
2025-01-01 00:00:00+00:00,3368.008938072314,,4813.342632444479,,,,,,,,4368.539156774005,,,,,7183.78880197646,29551.955649621235,,,,,,,9891.56189280789,,,,,17713.763045496642,4090.4290526048685,,,,,5200.66375429254,,,4341.516566637778,,,,5405.969253131536,,4283.613694267998,,,,,,,,,,,4196.2740307494705,,,,,,,,,,3279.8385861139236,,,3294.0714509447007,6213.124639168813,,,12608.848942607525,,,7385.276263746451,,,,,,,,,,,4954.481141632038,11659.984473287916,,,,,
2025-02-01 00:00:00+00:00,3879.63604606228,,5677.3721719644045,3386.140940750799,,,,,,,4533.795592163777,,,,,7030.125459206531,30775.519857070223,,,,,,,11206.460229013588,,,,,18199.46625706687,4185.436332127267,,,,,6685.180300099998,,,4396.160401770505,,,,6060.847287517902,,4727.528487787826,,,,,,,,,,,4562.268158696649,,,,,,,,,,,,,3384.319403353015,6263.829680516402,,,13738.633386712834,,,9031.527154498235,,,,,,,,,,,6081.065999919623,14694.000081303653,,,,,
2025-03-01 00:00:00+00:00,3984.893347821558,,6390.517653592707,3493.9673660189633,,,,,,,4592.981534068676,,,,,6853.513165955705,31655.71258957224,,,,,,,11907.570955224293,,,,,19054.3021428011,4059.8460357065455,,,,,7576.294075736918,,,4425.208833613637,,,,6428.99925679668,,5409.011850643923,,,,,,,,,,,5209.364290686187,,,,,,,,,,,,,,6308.200056889526,,,14208.031746571318,,,9938.62158384419,,,,,,3482.7651105701916,,,,,6700.175184222339,17091.56737554333,,,,,
2025-04-01 00:00:00+00:00,4066.7466017659,,7618.70800297367,,,,,,,,4621.4624944768075,,,,,6561.521684292541,32924.49440094972,,,,,,,12327.454738557528,,,,,19841.959284670942,3748.9977202677874,,,,,8437.940146623654,,,4409.922522663514,,,,6828.386574833144,,5805.237004696828,,,,,,,,,,,5723.109064042659,,,,,,,,,,,,,,6119.335406192072,,,14955.27766960517,,,10058.723986965308,,,,,,3478.0418877295533,,,,3731.3326253754813,7209.311653678174,19553.249483777956,,,,,
2025-05-01 00:00:00+00:00,4217.685530119347,,8118.53983349125,,,,,,,,4623.595914654269,,,,,6297.966490052516,33564.240051642,,,,3610.8138775958655,,,12195.093392278204,,,,,20478.453392120067,3669.7187686351504,,,,,9018.557008800895,,,4552.908981332523,,,,7057.636719552947,,5979.156837101597,,,,,,,,,,,6063.293815921488,,,,,,,,,,,,,,5771.091888605223,,,15750.974949647587,,,10185.0394882178,,,,,,,,,,4507.995154949896,7621.046489018131,21556.68331088167,,,,,
2025-06-01 00:00:00+00:00,4297.55216044888,,7536.839708484607,,,,,,,,4119.96096316352,,,,,4967.147763740763,31397.53089929836,,,,,,,9648.133168952687,,,,,19915.129521796658,,,,,,8103.055236997788,,,4217.170527187788,,,,6732.694305452841,,5757.231138569468,,,,,,,,,,,6056.813276360817,,,,5717.539364266542,,,,,,,,,,4324.463688548554,,,15274.321670987596,,,9940.002823860734,,,,,,,,3932.6305165115923,,5116.940608339556,6409.5731992734145,19984.624193524396,,,,,
2025-07-01 00:00:00+00:00,4039.1393984726333,,6764.67065044053,,,,,,,,3511.7817920548437,,,,,4294.946763903587,29403.249970084576,,,,3404.044820839929,,,8151.5743564126815,,,,,19022.093002713562,,,,,,6611.497907206499,,,,,,,5797.676842694933,,5134.18216898273,,,,,,,,,,,5621.422653309145,,,,5036.389332697222,,,,,,,,,,3331.3461758985104,,,14613.342049262237,,,9276.057713525293,,,,,,,,3526.9873746985018,,5402.462908862133,5532.213315499891,17719.934622884353,,,,,
2025-08-01 00:00:00+00:00,3811.3494879929426,,6504.201625014622,,,,,,,,,,,,,4691.556518145108,28433.93477483789,,,,3384.411442191368,,,7520.7954039333745,,,,,19261.670440693917,,,,,,6183.0291110956405,,,,,,,5380.084280571841,,4882.802402127802,,,,,3371.6187615153704,,,,,,5310.299803252809,,,,4841.227144869828,,,,,,,,,,,,,13664.673966456903,,,8868.041557722709,,,,,4562.58384134366,,,3413.747808920053,,4051.2261399177546,5269.436061457235,17039.168662853044,,,,,
2025-09-01 00:00:00+00:00,3749.9007726252385,,6195.1686650168185,,,,,,,,3310.548719357741,,,,,4948.111683562247,26996.231598222512,,,,3447.959017298879,,,7302.903452230416,,,,,20366.074307090195,,,,,,5863.845953087553,,,,,,,5693.912439638318,,4329.0815594466485,,,,,3610.9694590780723,,,,,,4737.4440937273275,,,3477.0650794895946,4726.849484135359,,,,,,,,,,,,,13506.572831218398,,,8562.022533573465,,,,,3820.4366329744144,,,,,,5136.511477969259,15799.305285052598,,,,,
2025-10-01 00:00:00+00:00,3821.8740080577304,,6167.064012769242,3781.9486653019017,,,,,,,4305.549427370613,,,,,5318.377793079572,27519.033879689527,,,,,,,8315.325448786247,,,,,22648.2011655368,,,,,,5975.019603903087,,,,,,,5961.225343220305,,4363.387465649241,,,,,4071.491409886914,,,,,,4616.508436403417,,,4509.946048435111,4843.354732385967,,,,,,,,,,,,,15341.734110598067,,,8590.200917405948,,,,,3553.8963943369195,,,,,,5315.823166053888,15804.93370235169,,,,,
